Questionário,Município,Data,Q02.1,Q02.2,Q02.3,Q02.4,Q02.5,Q02.6,Q02.7,Q02.8,Q02.9,Q031A,Q031B,Q032A,Q032B,Q033A,Q033B,Q034A,QO3.4B,Q03.5A,Q03.5B,Q03.6A,Q03.6B,Q04.1A,Q04.1B,Q04.2A,Q04.2B,Q04.3A,Q04.3B,Q04.4A,Q04.4B,Q051,Q052,Q053,Q054,Q055,Q056 (só respondo se tem),Q06,Q071,Q072,Q073,Q074,Q075,Q076,Q077 so respondo se teve alteração,Q08,Q09,Q101,Q102 (Quanto),Q11,Q12.1,Q12.2  Quais,Q131,Q132,Q133,Q134,Q135,Q136,Q137,Q138,Q141,Q142,Q143,Q144,Q145,Q146,Q147,Q148,Q149,Q1410,Q15.1A,Q15.1B,Q15.2A,Q15.2B,Q15.3A,Q15.3B,Q15.4A,Q15.4B,Q15.5A,Q15.5B,Q15.6A,Q15.6B,Q15.7A,Q15.7B,Q15.8A,Q15.8B,Q15.9A,Q15.9B,Q15.10A,Q15.10B,Q16,Q17,Q18,Q19,Q20,Q21.1,Q21.2,Q21.3,Q21.4,Q21.5,Q21.6,Q21.7,Q21.8,Q.22.1,Q22.2 (Quais),Q23,Q24,Q25,Q26,Q27,Q28,Q29,Q30,Q31,,
1,S.S.C,1/3/2019,1,4,1,59,2,3,2,50,2,,,"8,5",15.500,,,,,,,,,1,5,,,,,1,5,2,2,2,2,2,,2,,,,,,,,,2,2,,,1,Associação citricultores,1,2,2,2,2,1,1,2,2,1,2,1,2,1,2,2,2,1,1,,1,,1,,1,,1,,2,Inseticida,1,,1,,1,,1,,1,2,3,2,2,2,2,2,2,2,2,2,so responde se teve alteração,2,calor,,3,3,1,3,2,,1,50%,,
2,S.S.C,28/2/2019,1,2,1,62,2,5,2,52,1,,,,,,,,,,,,,1,7,,,,,,,2,2,2,1,2,,1,2,1,2,2,2,2,,4,,2,,6,1,Sicredi,1,2,2,2,2,2,2,2,2,2,2,2,2,2,2,2,2,2,1,,1,,1,,1,,1,,1,1,1,,1,,1,,1,,1,3,3,1,2,,,,,,,,,2,enchente,4,3,3,1,1,1,1,2,45%,,
3,Vale do Caí,23/12/2019,2,2,2,60,2,2,2,52,1,,,2,30.000,,,,,,,,,1,5,,,,,,,2,2,2,1,2,,2,2,1,2,2,2,2,,4,2,2,,4,1,Sindicato,1,2,2,2,2,2,1,2,1,2,2,2,2,2,2,2,2,1,1,,1,,2,,1,,1,,2,Inseticida,1,,1,,1,,1,,2,3,3,6,3,2,2,2,2,2,2,2,,3,,4,3,3,3,2,1,1,2,40%,,
4,S.S.C,23/2/2019,1,2,1,21,2,5,1,12,1,,,"5,6",12000,,,,,,,,,,,,,,,,,2,2,2,1,2,,1,2,1,2,2,2,2,,1,,2,,,1,,1,2,2,1,2,1,2,2,,,,,,,,,,,,,,,,,,,,,,,,,,,,,,,1,2,3,2,2,,,,,,,,,1,,,2,2,1,1,1,1,2,53%,,
5,S.S.C,28/2/2019,3,5,1,29,2,6,2,14,1,,,7,15.000,,,,,,,,,1,7,,,,,2,6,2,2,2,2,2,,2,2,1,2,2,2,2,,4,2,2,,6,1,Sindicato,1,2,2,1,2,1,2,2,1,2,2,2,1,2,2,2,2,2,1,,1,,1,,1,,1,,2,Inseticida,1,,1,,1,,1,,2,3,3,2,2,2,2,2,2,2,2,2,,2,enchente,4,3,3,1,3,2,6,2,50%,,
6,B.P,5/3/2019,3,2,2,58,2,6,2,30,1,1,20000,"0,5",5000,"0,2",,"0,3",,,,2,25000,1,20,1,3,83,,,,1,2,1,1,2,,1,2,2,1,2,2,2,,4,,1,15000,4,1,Sindicato,1,2,1,1,2,1,1,2,3,1,2,2,1,2,2,2,2,2,1,,1,,2,Irrigação,2,Estufas,1,,2,Inseticida,2,Fungicida,1,,2,Estufas,2,Estufas,1,3,3,2,2,1,2,2,2,2,2,2,,1,Secas,,3,1,1,2,2,,2,100%,,
7,Pareci Novo,2/3/2019,1,3,1,62,2,3,2,50,1,,,2,40.000,,,"1,5",,,,,,1,7,,,,,,,2,2,2,2,2,,2,2,2,2,2,2,2,,,2,2,,,2,,1,2,2,1,2,1,1,2,2,1,3,1,2,3,2,3,3,1,1,,1,,1,,1,,1,,2,Inseticida,1,,1,,1,,1,,1,3,3,2,2,2,2,1,2,2,2,2,,5,,4,2,2,1,1,1,6,1,70%,,
8,Pareci Novo,2/mar,2,3,2,49,2,5,2,,4,,,2,50000,,,"0,5",,,,,,1,10,,,,,,,,,,,,,2,,,,,,,,,,2,,,2,,1,2,2,1,2,1,1,2,2,1,3,1,2,2,2,2,3,1,1,,1,,1,,1,,1,,2,Inseticida,1,,1,,1,,1,,1,3,3,6,2,2,2,1,2,2,2,2,,2,Ventos muito fortes,,2,2,1,1,1,6,2,90%,,
9,Pareci Novo,2/3/2019,3,4,1,27,2,6,1,15,4,,,"15,2",,"1,15",,"10,5",,,,"26,85",,3,5,,,,,,,1,2,1,2,2,,1,2,1,2,2,2,1,,4,,2,,,2,,1,1,2,1,1,1,1,2,4,2,3,3,4,2,4,4,4,3,1,,1,,1,,1,,1,,1,,2,Pulverização,2,Corta vento,1,,1,,1,3,3,5,1,2,2,2,2,2,2,1,,1,Veranicos; verão muito quente ,,2,3,1,1,2,6,2,100%,,
10,Pareci Novo,2/3/2019,3,5,1,20,2,6,1,6,4,,,"15,2",,"1,15",,"10,5",,,,"26,85",,3,5,,,,,,,1,2,1,2,2,,1,2,1,2,2,2,1,,4,,2,,,2,,1,1,2,1,2,1,1,2,4,2,3,3,4,2,4,4,4,3,1,,1,,1,,1,,1,,1,,2,Pulverização,2,Corta vento,1,,1,,1,3,3,5,1,2,2,2,2,2,2,1,,1,Veranicos; verão muito quente ,,2,3,1,1,2,6,2,100%,,
11,Pareci Novo,2/3/2019,2,5,2,45,2,6,2,30,4,,,6,3000,,,4,,,,10,3000,1,5,,,,,,,2,2,1,2,2,,1,2,1,2,2,2,1,,4,,2,,,2,,1,2,1,1,2,1,1,2,4,1,3,3,4,2,4,4,4,3,1,,1,,1,,1,,1,,1,,2,Pulverização,2,Corta vento,1,,1,,1,2,3,5,1,2,2,2,2,2,2,1,,1,Verão muito quente,,2,3,1,1,1,1,1,100%,,
12,Pareci Novo,2/3/2019,2,4,2,33,2,4,2,14,4,2,5000,10,15000,1,1000,1,,,,14,21000,3,8,3,5,15,6,3,5,1,2,2,2,2,,1,2,1,2,2,2,2,,4,,1,10000,1,1,Sindicato,1,1,1,2,1,2,1,2,4,1,2,2,2,3,3,4,3,2,2,Estufas,1,,1,,1,,1,,2,Inseticida,2,Fungicida,1,,1,,1,,1,2,3,2,1,1,2,2,2,2,2,1,,3,,1,2,1,1,2,1,1,2,95%,,
13,Pareci Novo,2/3/2019,1,4,1,39,2,4,2,22,1,2,5000,10,15000,1,1000,1,,,,14,21000,3,8,3,5,15,6,3,5,1,2,2,2,2,,1,2,1,2,2,2,2,,4,,1,10000,1,1,Sindicato,1,1,1,2,1,2,1,2,4,1,2,2,2,3,3,4,3,2,2,Estufas,1,,1,,1,,1,,2,Inseticida,2,Fungicida,1,,1,,1,,1,3,2,2,1,1,2,2,2,1,2,1,,3,,1,2,3,1,2,1,1,2,98%,,
14,B.P,27/fev,1,3,1,62,2,3,2,44,1,,,5,6000,"0,5",500,"3,5",500,,,9,7000,1,9,1,9,,,1,6,1,2,1,2,2,,2,,,,,,,,,2,2,,,2,,1,2,2,2,2,2,2,2,3,2,3,3,2,2,2,2,3,3,1,,1,,1,,1,,1,,1,,1,,1,,1,,1,,2,1,,3,3,1,2,2,2,2,2,2,,5,,4,2,3,1,3,1,6,2,80%,,
15,B.P,27/fev,3,5,2,20,2,5,1,5,4,2,3000,3,2000,2,2000,4,,1,,12,7000,2,7,2,5,5,5,2,4,1,1,1,1,2,,1,2,1,2,2,2,2,,2,,2,,,2,,1,2,1,2,2,2,2,2,3,3,2,3,3,3,3,3,3,3,1,,2,Limpeza do rio,1,,1,,1,,1,,1,,1,,1,,1,,1,2,3,2,2,1,2,2,2,1,2,2,,3,,3,3,1,1,2,2,6,2,90%,,
16,B.P,28/fev,2,4,2,55,2,3,2,28,4,1,5000,1,1000,"0,5",,1,,1,,"4,5",6000,2,5,3,10,15,5,3,5,2,2,1,1,2,,1,2,1,2,2,2,2,,4,,2,,,1,Sindicato,1,2,1,2,1,1,1,2,4,3,2,2,2,3,4,4,4,4,1,,1,,1,,1,,1,,2,Inseticida,2,Fungicida,1,,1,,1,,1,2,2,1,1,1,2,2,2,1,2,2,,5,,3,1,2,1,2,1,1,2,100%,,
17,B.P,28/fev,1,4,2,21,2,7,1,7,4,,,,,,,,,,,,,2,5,3,,,,,,1,2,1,1,2,,1,2,1,2,2,2,2,,2,,2,,,1,,1,2,1,1,2,1,1,2,4,3,2,2,2,3,3,4,4,4,2,Estufas,1,,1,,1,,1,,2,Tratamento,2,Tratamento,1,,1,,1,,1,3,3,2,1,1,2,2,2,1,2,2,,3,,4,2,1,1,2,2,,2,100%,,
18,B.P,28/fev,3,4,1,25,2,4,1,15,4,1,5000,1,1000,"0,5",,1,,1,,"4,5",6000,2,5,3,10,15,5,3,5,1,2,1,1,2,,1,2,1,2,2,2,2,,2,,2,,,1,Sindicato,1,2,1,1,2,1,1,2,4,3,2,2,2,3,3,4,4,4,1,,1,,1,,1,,1,,2,Tratamento,2,Tratamento,1,,1,,1,,1,2,3,1,1,1,2,1,2,1,2,1,,1,Secas,,1,2,1,2,1,1,2,100%,,
19,B.P,28/fev,1,3,1,42,2,3,2,32,1,,,1,3000,,,,,,,1,3000,1,25,,,,,,,,,,,,,2,,,,,,,,,2,2,,,1,Sindicato,1,2,2,1,2,1,1,2,3,2,2,3,3,3,3,2,3,3,1,,1,,1,,1,,1,,2,Tratamento,1,,1,,1,,1,,2,2,3,2,2,,,,,,,,,3,,3,2,1,1,1,2,6,1,50%,,
20,B.P,28/fev,2,3,2,27,2,6,2,5,7,"2,8",120000,"0,1",,,,"0,5",,"0,4",,"3,8",120000,2,15,10,12,19,3,,,,,,,,,1,2,2,2,2,2,2,Senar,2,,1,10000,1,1,Sindicato,1,2,1,1,2,1,1,1,3,1,3,3,3,3,3,3,3,2,1,,1,,2,Irrigação,2,Estufas,2,Irrigação,2,Tratamento,2,Tratamento,1,,2,Estufas,2,Estufas,1,3,3,2,1,1,1,1,2,1,2,2,,1,"Enchentes, Secas",,2,1,1,2,2,,2,100%,,
21,B.P,28/fev,1,2,1,50,2,6,2,35,1,"2,8",120000,"0,1",,,,"0,5",,"0,4",,"3,8",120000,2,15,10,12,19,3,,,2,2,2,1,2,,1,2,2,2,2,2,2,Senar,2,,1,53000,1,1,Sindicato,1,2,1,1,2,1,1,1,3,1,3,3,3,3,3,3,3,2,1,,1,,2,Irrigação,2,Estufas,2,Irrigação,2,Tratamento,2,Tratamento,1,,2,Estufas,2,Estufas,1,3,2,2,1,1,2,2,2,1,2,2,,1,"Enchentes, Secas",,2,1,1,2,1,2,2,100%,,
22,B.P,28/fev,2,2,2,45,2,8,2,20,7,"2,8",120000,"0,1",,,,"0,5",,"0,4",,"3,8",120000,2,15,10,12,19,3,,,2,2,2,2,2,,1,2,2,2,2,2,2,Senar,2,,2,,,2,,1,2,1,1,2,1,1,1,3,1,3,3,3,3,3,3,3,2,1,,1,,2,Irrigação,2,Estufas,2,Irrigação,2,Tratamento,2,Tratamento,1,,2,Estufas,2,Estufas,1,4,3,2,1,1,2,2,2,2,2,2,,1,"Enchentes, Secas",,2,2,1,2,1,2,1,30%,,
23,B.P,1/mar,3,4,1,54,2,3,2,30,2,"0,6",10000,,,,,,,,,"0,6",10000,,,,,,,,,,,,,,,1,2,2,2,2,2,2,Senar,2,,2,,,2,,1,2,1,1,2,1,1,1,3,1,3,3,3,3,3,3,3,2,1,,1,,2,Irrigação,2,Estufas,2,Irrigação,2,Tratamento,2,Tratamento,1,,2,Estufas,2,Estufas,2,2,2,2,1,1,1,2,2,1,2,2,,2,Enchentes,,3,2,1,2,2,,1,60%,,
24,B.P,1/mar,3,6,1,20,2,6,1,7,2,"1,9",40000,,,,,,,,,"1,9",40000,,,,,,,,,2,2,2,2,2,,1,2,2,2,2,2,2,Senar,2,,2,,,1,Sindicato,1,2,1,1,2,1,1,1,3,1,3,3,3,3,3,3,3,2,1,,1,,2,Irrigação,2,Estufas,2,Irrigação,2,Tratamento,2,Tratamento,1,,2,Estufas,2,Estufas,1,3,3,2,1,1,1,2,2,1,2,2,,1,"Enchentes, Secas",,1,2,1,2,2,,2,100%,,
25,B.P,1/mar,1,3,1,27,2,6,2,12,1,"2,8",120000,"0,1",,,,"0,5",,"0,4",,"3,8",120000,2,15,20,12,19,3,,,2,2,2,2,2,,1,2,2,2,2,2,2,Senar,2,,1,,1,1,Sindicato,1,2,1,1,2,1,1,1,3,1,3,3,3,3,3,3,3,2,1,,1,,2,Irrigação,2,Estufas,2,Irrigação,2,Tratamento,2,Tratamento,1,,2,Estufas,2,Estufas,1,3,3,2,1,1,2,2,2,1,2,2,,1,"Enchentes, Secas",,2,1,1,2,2,,2,100%,,
26,B.P,18/fev,1,4,1,53,2,6,2,40,1,,,,,,,,,,,,,1,20,,,40,5,1,2,1,2,2,2,2,,1,2,2,2,2,2,1,,3,,1,30000,6,1,Sindicato,1,2,1,1,2,1,1,2,3,3,3,3,3,3,3,3,3,3,1,,1,,2,Irrigação,2,Estufas,1,,2,Inseticida,2,Fungicida,2,quebra ventos,1,,2,Canteiros altos,1,4,3,2,1,1,1,1,2,2,2,1,,1,,,3,1,1,2,1,1,1,50%,,
27,B.P,2/mar,1,4,1,24,2,6,1,12,2,5,20000,1,2000,,,3,,,,9,22000,1,20,9,,1,5,1,2,1,2,2,2,2,,1,2,2,2,2,2,1,,3,,2,,,1,Sindicato,1,2,1,1,2,1,1,2,2,3,4,3,3,2,2,3,3,3,1,,1,,2,Irrigação,1,,1,,2,Tratamento,2,Tratamento,1,,1,,1,,1,3,3,2,1,1,1,1,2,2,2,1,,2,Aumento do calor,4,3,3,1,2,2,,2,100%,,
28,B.P,27/fev,1,2,1,31,2,8,2,20,2,3,25000,,,10,25000,5,,,,18,50000,1,12,18,15,,,2,15,1,2,1,1,2,,1,2,1,1,1,2,2,,1,,1,180000,6,1,Sindicato,1,1,1,1,2,1,1,2,2,4,2,3,1,2,2,2,3,3,1,,2,Aterro terras baixas,2,Irrigação,1,,1,,2,Tratamento,2,Tratamento,1,,1,,1,,1,3,3,2,1,2,2,2,2,1,1,2,,2,Aumento do calor,,3,1,1,3,2,,2,100%,,
29,São Jose do Hortêncio,27/fev,1,4,1,30,2,5,2,15,1,3,15000,,,,,,,,,3,15000,1,1,,,,,,,1,2,2,2,2,,1,2,1,2,2,2,2,,4,,1,10000,1,1,,1,2,1,1,2,1,1,2,1,1,1,1,2,2,2,1,1,2,1,,1,,1,,1,,1,,1,,1,,1,,1,,1,,2,,3,2,1,1,1,2,2,2,2,2,,5,,3,1,2,1,2,1,1,2,60%,,
30,São Jose do Hortêncio,27/fev,1,3,1,57,2,3,2,20,1,,,,,4,20000,,,,,4,20000,,,,,,,,,1,2,2,2,2,,1,2,2,2,1,2,2,,4,,2,,,1,Sindicato,1,2,1,2,2,1,2,2,1,1,2,2,1,2,2,1,1,2,1,,1,,1,,1,,1,,1,,1,,1,,1,,1,,2,,3,4,3,1,2,1,2,2,2,2,,4,,3,1,1,1,2,2,1,2,30%,,
31,São Jose do Hortêncio,27/fev,1,3,1,65,2,3,2,45,1,15,30000,,,1,5000,,,,,16,35000,3,12,,,,,,,1,2,2,2,2,,1,2,1,2,2,2,2,,4,,1,20000,1,1,,1,2,1,1,2,1,1,2,2,2,2,2,2,2,2,2,2,2,1,,1,,1,,1,,1,,1,,1,,1,,1,,1,,2,,3,4,3,1,2,2,2,2,2,2,,4,,1,1,1,1,2,2,1,2,40%,,
32,São Jose do Hortêncio,3/mar,1,3,1,28,2,6,1,15,1,4,20000,,,,,,,,,4,20000,1,1,,,,,,,1,2,2,2,2,,1,2,1,2,2,2,2,,4,,2,,,1,,1,2,1,2,2,1,2,2,1,1,2,2,1,2,2,1,1,2,1,,1,,1,,1,,1,,1,,1,,1,,1,,1,,2,,3,4,3,1,2,1,2,2,2,2,,4,,1,1,1,1,2,2,1,2,30%,,
33,São Jose do Hortêncio,3/mar,1,5,1,40,2,5,2,20,1,,,,,3,10000,,,,,3,10000,,,,,,,,,1,2,2,2,2,,1,2,2,1,2,2,2,,4,,2,,,1,Sindicato,1,2,1,2,2,1,1,2,1,1,2,2,1,2,2,1,1,2,1,,1,,1,,1,,1,,1,,1,,1,,1,,1,,2,2,3,4,1,1,2,1,2,2,1,2,,4,,3,1,1,1,2,2,2,2,20%,,
34,São Jose do Hortêncio,3/mar,1,3,1,48,2,5,2,25,1,3,30000,,,,,,,,,3,30000,1,12,,,,,,,1,2,2,2,2,,1,2,1,2,2,2,2,,4,,2,,,2,,1,2,1,2,2,1,1,2,1,1,2,2,1,1,2,2,1,1,1,,1,,1,,1,,1,,1,,1,,1,,1,,1,,2,,3,4,1,1,2,2,2,2,2,2,,4,,3,1,1,1,2,2,4,2,30%,,
35,São Jose do Hortêncio,3/mar,1,5,1,45,2,5,2,20,1,,,3,20000,,,,,,,3,20000,2,1,,,,,,,1,2,2,2,2,,1,2,1,2,2,2,2,,4,,1,40000,1,1,,1,2,1,2,2,1,1,2,1,1,2,2,1,1,1,2,2,2,1,,1,,1,,1,,1,,1,,1,,1,,1,,1,,2,,3,4,3,1,2,1,2,2,2,2,,4,,3,1,1,1,2,2,4,2,60%,,
36,São Jose do Hortêncio,3/mar,1,4,1,25,2,5,1,12,1,,,2,15000,1,5000,,,,,3,20000,1,1,,,,,,,1,2,2,2,2,,1,2,1,2,2,2,2,,4,,1,60000,1,1,,1,2,1,2,2,1,1,2,1,1,2,2,2,2,2,1,1,1,1,,1,,1,,1,,1,,1,,1,,1,,1,,1,,2,,3,4,1,1,2,1,2,2,2,2,,4,,3,1,1,1,2,2,1,2,60%,,
37,São Jose do Hortêncio,3/mar,1,3,1,38,2,6,2,15,1,2,10000,2,10000,,,,,,,4,20000,1,1,,,,,,,1,2,2,2,2,,1,2,1,2,2,2,2,,4,,1,20000,1,1,,1,2,1,1,2,1,1,2,1,1,2,2,2,2,2,1,1,1,1,,1,,1,,1,,1,,1,,1,,1,,1,,1,,2,,3,4,1,1,2,1,2,2,2,2,,5,,3,1,1,1,2,2,1,2,90%,,
38,São Jose do Hortêncio,3/mar,1,5,1,55,2,5,2,40,1,,,,,3,4000,,,,,3,4000,1,1,,,,,,,1,2,2,2,2,,1,2,2,1,2,2,2,,4,,2,,,1,Sindicato,1,2,1,2,2,1,2,2,1,1,2,2,1,2,2,1,1,2,1,,1,,1,,1,,1,,1,,1,,1,,1,,1,,2,,3,4,1,1,2,1,2,2,2,2,,5,,3,1,2,1,2,2,3,2,90%,,
39,São Jose do Hortêncio,2/mar,1,3,1,55,2,3,2,44,1,,,,,10,,,,,,10,,,,,,,,,,1,2,2,2,2,,2,2,2,2,2,2,2,,,3,2,,,2,,1,2,1,2,1,1,2,2,1,2,3,4,3,1,1,2,4,3,1,,1,,1,,1,,1,,1,,1,,1,,1,,1,,1,2,2,2,2,2,2,2,2,2,2,2,,1,Calor extremo,,2,1,1,2,1,2,2,100%,,
40,São Jose do Hortêncio,3/mar,2,3,2,38,2,6,2,25,2,,,,,,,,,,,,,,,,,,,,,,,,,,,2,2,2,2,2,2,2,,,2,2,,,2,,1,2,1,1,2,1,1,2,2,2,2,3,3,3,3,3,3,2,1,,1,,1,,1,,1,,1,,1,,1,,1,,1,,1,2,3,1,1,2,2,2,2,1,2,2,,1,enchentes,,1,3,1,3,1,3,2,100%,,
41,São Jose do Hortêncio,3/mar,1,4,1,40,2,5,2,30,1,,,2,30000,,,,,,,2,30000,1,10,2,20,,,,,1,2,2,2,2,,2,2,2,2,2,2,2,,,2,2,,,2,,1,2,1,1,2,1,1,2,2,2,2,2,2,2,2,2,2,2,1,,1,,1,,1,,1,,1,,1,,1,,1,,1,,1,2,3,2,1,2,2,1,2,1,2,2,,3,,1,1,1,1,1,1,3,2,100%,,
42,Linha Nova,3/mar,1,2,1,40,2,3,1,40,1,,,,,,,,,,,,,1,7,,,,,,,1,2,2,2,2,,1,2,1,2,2,2,2,,4,,1,,1,1,Sindicato,1,2,2,1,2,1,1,2,3,3,3,2,3,3,3,4,2,3,1,,1,,1,,1,,1,,2,pulverização,2,Pulverização,1,,1,,1,,1,4,3,1,1,1,2,2,2,2,2,2,,1,"enchentes, calor extremo, ventos fortes",,1,2,1,2,2,6,2,100%,,
43,Linha Nova,3/mar,2,3,2,52,2,3,2,35,1,,,,,,,,,,,,,1,15,,,,,,,1,2,2,2,2,,2,2,2,2,2,2,2,,,3,2,,,2,,1,2,2,1,2,1,1,2,3,2,2,3,4,4,4,3,3,3,1,,1,,1,,1,,1,,2,Inseticida,2,Fungicida,1,,1,,1,,1,3,3,1,2,2,2,1,2,2,2,2,,1,Calor extremo,,3,3,1,3,1,2,2,100%,,
44,S.S.C,26/fev,3,3,1,57,2,8,2,49,7,,,5,25000,3,16000,,,,,8,41000,1,6,,,,,1,9,1,2,2,2,2,,2,2,2,2,2,2,2,,4,2,2,,,2,,1,2,1,1,2,1,1,2,3,2,3,3,3,3,2,2,3,2,1,,1,,1,,1,,1,,1,,1,,1,,1,,1,,1,4,3,2,2,2,1,2,2,2,2,1,,5,,4,2,1,1,2,2,4,1,40%,,
45,S.S.C,26/fev,1,4,1,52,2,5,4,40,1,,,4,30000,2,15000,,,,,6,45000,1,10,,,,,1,8,1,2,2,2,2,,2,2,2,2,2,2,2,,4,,2,,,2,,1,2,1,1,2,1,1,1,2,1,2,2,2,2,2,2,2,2,1,,1,,1,,1,,1,,2,Inseticida,2,Fungicida,1,,1,,1,,1,3,3,2,2,2,2,1,2,2,2,2,,1,Secas,,2,3,1,2,1,1,1,50%,,
46,S.S.C,21/fev,1,4,1,48,2,4,2,18,1,,,3,18000,5,25000,,,,,8,43000,1,3,,,,,,,1,2,2,2,2,,1,2,2,2,2,2,1,,4,,2,,,2,,1,2,1,1,2,1,1,1,2,1,2,1,2,2,2,2,1,2,1,,1,,1,,1,,1,,2,Inseticida,1,,1,,1,,1,,1,3,3,2,1,1,2,1,2,1,2,2,,3,,4,2,1,1,3,2,,2,90%,,
47,S.S.C,23/fev,2,3,2,58,2,6,3,3,4,,,,,,,,,,,,,,,,,,,,,1,2,1,2,2,,2,2,2,2,2,2,2,,,,2,,,2,,1,1,1,1,2,1,1,1,2,1,2,2,2,2,2,2,2,2,1,,1,,1,,1,,1,,2,Inseticida,1,,1,,1,,1,,2,2,3,2,1,1,2,2,2,2,2,2,,1,Enchentes,,2,3,1,3,2,,1,30%,,
48,S.S.C,24/fev,1,4,1,61,2,5,1,32,1,,,3,15000,,,,,,,3,15000,1,15,,,,,,,2,2,2,1,2,,2,2,2,2,2,2,2,,4,,2,,,2,,1,2,1,1,2,1,1,2,1,1,2,1,2,2,2,1,1,1,1,,1,,2,Irrigação,1,,1,,2,Inseticida,2,Fungicida,1,,1,,1,,1,3,3,2,1,1,2,2,2,2,2,2,,1,Secas,,2,1,1,2,2,,1,40%,,
49,São Jose do Hortêncio,24/fev,1,4,2,47,2,6,2,38,2,,,,,,,,,,,,,1,25,,,,,,,2,2,2,2,2,,2,2,2,2,2,2,2,,4,2,2,,,1,Sindicato,1,2,1,1,2,1,2,2,2,1,2,2,2,2,2,2,2,2,1,,1,,1,,1,,1,,1,,1,,1,,1,,1,,1,3,3,4,1,2,2,2,2,2,2,2,,1,Enchente,4,2,1,1,1,1,2,1,100%,,
50,B.P,24/fev,1,2,1,66,2,6,2,32,1,,,,,10,10000,3,,,,13,10000,1,34,,,,,,,1,2,2,1,1,"Abelhas, peixes",1,2,1,2,2,2,2,,1,,2,,,1,Associação de apicultores do vale do caí,1,2,1,1,2,1,1,1,2,2,3,2,1,1,1,3,3,3,1,,1,,1,,1,,1,,1,,1,,1,,1,,1,,2,3,3,2,2,2,2,2,1,2,2,2,,1,enchentes fora de época,,1,1,1,2,2,5,1,40%,,
51,Feliz,24/fev,1,5,1,60,2,2,1,52,1,2,20000,,,,,3,,,,5,20000,1,12,4,30,,,,,2,2,2,2,2,,1,2,1,2,2,2,2,,1,1,1,20000,4,2,,1,2,2,1,2,1,1,2,1,1,4,4,2,3,3,1,3,3,2,Estufas,1,,1,,2,Estufas,1,,2,Inseticida,2,Fungicida,1,,2,Estufas,1,,1,3,3,1,1,1,2,2,2,1,1,1,,3,,4,1,1,1,2,2,4,2,100%,,
52,B.P,16/fev,2,2,2,72,2,3,2,60,1,10,18000,5,10000,5,,4,,"0,2",,"24,2",28000,4,30,1,26,3,6,,,1,1,1,1,1,Aves,1,2,1,2,1,2,2,,3,,1,45000,1,1,"Sindicato, Sicredi",1,2,2,1,2,1,1,2,4,2,4,4,3,3,3,4,4,3,1,,2,Planta em áreas mais altas,2,Irrigação,2,Estufas,1,,2,pulverização,2,Pulverização,2,Corta vento,2,Estufas,1,,1,2,2,2,1,1,1,1,1,1,1,1,,1,enchentes fora de época,,2,1,1,2,1,1,2,100%,,
53,B.P,16/fev,1,5,1,51,2,3,2,43,1,10,20000,6,12000,6,,3,,"0,1",,"25,1",32000,4,30,2,25,4,5,1,3,1,1,1,1,1,Aves,1,2,1,1,1,2,1,,3,,1,50000,1,1,sindicato,1,2,1,2,2,1,1,1,4,2,3,4,3,3,3,4,3,3,1,,2,Planta em áreas mais altas,2,Irrigação,2,Estufas,1,,2,pulverização,2,Pulverização,2,Corta vento,2,Estufas,1,,1,4,3,2,1,1,1,1,1,1,1,1,,1,enchente fora de época,,2,2,1,1,1,2,2,100%,,
54,S.S.C,25/fev,1,2,1,38,2,6,2,20,1,2,50000,,,2,50000,,,"0,5",,"4,5",100000,2,15,"0,3",20,10,6,,,2,2,2,2,2,,2,,,,,,,,,3,2,,,1,SINDICATO,1,2,1,1,2,1,1,2,3,1,2,2,2,2,2,3,3,3,1,,1,,2,Irrigação,2,cobertura,1,,2,Inseticida,2,Fungicida,1,,2,cobertura,2,cobertura,1,3,3,1,1,1,2,1,2,2,2,2,,1,secas e veranicos,,1,1,1,3,1,6,2,100%,,
55,S.S.C,25/fev,1,3,1,69,2,3,2,60,1,,,,,,,,,,,,,2,15,,,10,6,,,2,2,2,2,2,,2,,,,,,,,,,2,,,1,sindicato,1,2,1,1,2,1,1,2,3,1,2,2,2,2,2,3,3,3,1,,1,,2,Irrigação,2,cobertura,1,,1,,1,,1,,2,cobertura,2,cobertura,1,2,3,1,1,1,2,2,2,2,2,2,,1,secas e veranicos,,1,3,1,3,1,1,2,100%,,
56,São Jose do Hortêncio,24/fev,1,4,1,19,2,6,1,9,1,,,,,,,,,,,,,,,,,,,,,2,2,2,2,2,,2,,,,,,,,4,2,2,,,1,,1,2,1,1,2,1,2,2,2,1,2,2,2,2,2,2,2,2,1,,1,,1,,1,,1,,1,,1,,1,,1,,1,,1,3,3,4,1,2,2,2,2,2,2,2,,1,enchente,4,2,1,1,1,1,2,1,100%,,
57,Pareci Novo,26/fev,1,2,2,50,2,5,2,42,2,,,,,,,,,,,,,,,,,,,,,2,2,2,2,2,,1,2,1,2,2,2,2,,4,3,2,,,1,sindicato,1,2,2,2,2,1,1,2,3,3,3,3,3,3,3,3,3,3,1,,1,,1,,1,,1,,1,,1,,1,,1,,1,,1,1,3,2,1,2,2,2,2,1,2,2,,5,,4,2,1,1,3,2,6,2,100%,,
58,Pareci Novo,26/fev,1,4,1,55,2,3,2,45,2,8,90000,,,,,,,,,8,90000,2,25,,,,,,,2,2,2,2,2,,2,2,2,2,2,2,2,,4,2,2,,,1,SINDICATO,1,2,1,1,2,1,1,1,2,3,2,2,3,2,3,2,2,2,1,,2,,2,,2,,2,,2,,2,,2,,2,,2,,1,3,3,4,1,1,2,2,2,2,2,2,,5,,1,3,1,1,2,2,4,2,100%,,
59,Harmonia,4/mar,1,5,2,67,4,3,2,59,1,4,16000,,,,,2,,,,6,16000,,,1,30,,,,,2,2,2,2,2,,2,2,2,2,2,2,2,,,2,1,5000,4,1,sindicato,1,2,2,1,2,1,2,2,3,3,3,4,3,3,4,3,3,3,1,,1,,1,,1,,1,,2,defensivos,2,defensivos,1,,1,,1,,2,1,3,6,3,2,2,2,2,2,2,2,,5,,1,1,3,1,3,1,6,1,40%,,
60,Harmonia,4/mar,1,3,1,47,2,3,2,38,2,2,5000,2,7000,,,1,,,,5,12000,1,10,2,30,,,1,30,2,2,2,2,2,,2,2,2,2,2,2,2,,,2,1,9000,1,1,sindicato e Associação Bom Morango,1,2,2,1,2,1,2,2,3,4,3,4,3,4,4,3,3,4,1,,2,diques,2,Irrigação,1,,1,,2,defensivos,2,defensivos,1,,1,,1,,1,2,3,1,2,2,2,2,2,2,2,2,,5,,1,1,3,1,3,1,6,2,100%,,
61,B.P,26/fev,1,6,1,47,2,3,2,38,1,4,31000,,,,,,,,,4,31000,1,19,3,32,8,21,,,1,2,2,2,2,,1,2,2,2,2,2,1,,4,,1,30000,4,1,sindicato,1,2,1,1,2,1,1,1,4,4,2,4,1,2,3,4,2,4,1,,1,,2,Irrigação,2,Estufas,1,,2,pulverização,2,Pulverização,1,,2,Estufas,2,pulverização,1,4,3,5,1,1,2,1,2,1,2,1,,4,,1,3,3,1,3,1,2,2,100%,,
62,B.P,26/fev,1,6,2,21,2,7,1,10,5,"0,7",15000,,,,,,,,,"0,7",15000,,,1,5,2,3,,,1,2,2,2,2,,1,2,2,2,2,2,1,,4,,2,,,2,,1,2,1,2,2,1,1,1,4,4,2,4,1,2,3,4,2,4,1,,1,,2,Irrigação,2,Estufas,1,,2,PULverização,2,Pulverização,1,,2,Estufas,2,pulverização,1,3,3,5,1,1,2,1,2,1,2,1,,2,ENCHENTES,,3,1,1,3,2,6,2,100%,,
63,B.P,3/mar,1,4,1,51,2,3,2,45,1,1,100000,,,,,,,1,,2,100000,2,35,4,35,5,15,1,4,2,2,2,2,2,,1,2,2,2,2,2,1,,4,,2,,,1,SINDICATO,1,2,1,1,2,1,1,2,4,4,2,4,1,2,3,4,2,4,1,,1,,2,Irrigação,2,Estufas,1,,2,pulverização,2,Fungicida,1,,2,Estufas,1,,1,3,3,2,1,1,2,1,2,1,2,2,,2,"ENCHENTES, VENDAVAIS",,3,3,1,1,1,1,2,100%,,
64,B.P,26/fev,1,4,2,48,2,5,2,24,1,1,100000,,,,,,1,,,2,100000,1,30,1,35,1,21,1,4,1,2,2,1,2,,1,2,2,1,2,2,2,,4,,2,,6,1,SINDICATO,1,1,1,2,2,1,1,1,4,4,2,3,1,3,3,4,2,4,1,,1,,2,Irrigação,2,Estufas,1,,2,pulverização,2,Fungicida,1,,2,Estufas,1,,1,3,3,2,1,1,2,1,2,1,2,2,Encherto,2,"ENCHENTES, VENDAVAIS",,3,3,1,1,1,1,1,50%,,
65,B.P,26/fev,3,5,1,16,2,4,5,3,1,,,,,,,,,,,,,1,30,40,35,20,21,4,4,1,2,2,2,2,,1,2,2,1,2,2,2,,4,,2,,,1,SINDICATO,1,2,1,1,2,1,2,2,4,4,2,4,1,2,2,4,2,4,1,,1,,2,Irrigação,2,Estufas,1,,2,pulverização,2,Fungicida,1,,2,Estufas,1,,1,3,3,2,1,1,2,1,2,1,2,2,encherto,2,"ENCHENTES, VENDAVAIS",,3,1,1,1,1,6,2,100%,,
66,B.P,27/fev,1,4,1,49,2,3,2,40,1,,,,,,,,,,,,,1,20,,,,,,,1,2,2,2,2,,1,2,1,1,2,2,2,,4,,2,,,1,SICREDI,1,2,1,1,2,1,1,2,2,3,2,3,2,2,2,3,2,3,1,,1,,1,,1,,1,,1,,1,,1,,1,,1,,1,2,3,5,1,1,2,2,2,1,1,2,,,,,2,2,1,3,2,6,1,100%,,
67,Feliz,2/mar,1,4,2,60,2,5,2,52,1,,,,,,,,,,,,,,,,,,,,,2,2,2,2,2,,1,2,1,2,2,2,2,,4,,2,,,1,sindicato,1,2,2,2,2,1,1,2,2,2,2,2,2,2,3,3,2,3,1,,1,,1,,1,,1,,1,,1,,2,Corta vento,1,,1,,1,2,3,2,2,2,2,2,2,2,2,2,,5,,,2,1,1,1,1,1,2,50%,,
68,Feliz,26/fev,1,3,1,46,2,3,2,20,1,,,,,,,,,,,,,1,10,2,20,10,10,,,2,2,2,2,2,,1,2,2,2,2,2,1,,3,,1,,1,1,sindicato,1,2,1,1,2,1,1,1,3,1,2,3,2,2,3,3,2,2,,,,,,,,,,,,,,,,,,,,,1,2,3,4,1,2,2,1,2,1,2,2,,3,,3,3,2,1,3,1,4,2,100%,,
69,Feliz,26/fev,1,2,2,40,2,5,2,29,1,,,,,,,,,,,,,,,,,,,,,2,2,2,2,2,,1,2,1,2,2,2,2,,4,,2,,,1,sindicato,1,2,2,2,2,1,1,2,3,3,3,3,3,3,1,1,3,1,1,,1,,1,,1,,1,,1,,1,,2,corta vento,1,,1,,1,2,3,2,1,1,2,2,1,1,,2,,1,enchentes,,1,1,1,3,1,6,2,100%,,
70,Feliz,7/mar,2,2,2,56,2,3,2,40,1,,,,,,,,,,,,,4,5,,,25,6,,,1,2,1,1,2,,1,2,1,2,2,2,2,,2,,2,,,1,,1,2,1,1,1,1,1,2,2,1,2,2,2,2,2,2,2,2,1,,1,,1,,1,,1,,1,,1,,1,,1,,1,,1,3,3,2,1,1,2,1,2,1,1,1,,3,,4,1,1,1,1,1,1,2,100%,,
71,Feliz,6/mar,1,3,1,32,2,5,2,12,4,,,,,,,,,,,,,1,10,3,10,,,,,2,1,2,2,2,,2,2,2,2,2,2,2,,,2,2,,,2,,1,2,2,1,2,1,1,2,2,1,2,2,2,2,2,2,2,2,1,,1,,1,,1,,1,,1,,1,,1,,1,,1,,1,3,3,2,1,1,2,2,2,2,2,2,,3,,1,1,1,1,1,1,6,1,60%,,
72,Feliz,7/mar,3,2,1,31,2,5,1,15,6,,,,,,,,,,,,,4,5,,,25,6,,,1,2,1,1,2,,1,2,1,2,2,2,2,,2,,2,,,1,,1,2,1,1,1,1,1,1,2,1,2,2,2,2,2,2,2,2,1,,1,,1,,1,,1,,1,,1,,1,,1,,1,,1,3,3,2,1,1,2,1,2,1,1,2,,3,,4,1,1,1,1,1,1,2,100%,,
73,Feliz,7/mar,1,2,1,60,2,3,2,50,1,,,,,,,,,,,,,4,5,,,25,6,,,1,2,1,1,2,,1,2,1,2,2,2,2,,2,,2,,,1,sindicato,1,2,1,1,1,1,1,1,2,1,2,2,2,2,2,2,2,2,1,,1,,1,,1,,1,,1,,1,,1,,1,,,,1,3,3,2,1,1,2,1,2,1,1,2,,3,,4,1,1,1,1,1,1,2,100%,,
74,feliz,23/fev,1,1,2,24,2,7,1,10,1,,,,,,,,,,,,,,,,,,,,,1,2,1,1,2,,1,2,1,2,2,2,1,,3,,2,,2,1,2,1,2,1,2,1,1,2,1,3,1,2,3,3,3,3,3,3,2,1,,1,,2,açudes,1,,1,,1,,1,,2,corta vento,1,,1,,2,3,3,1,1,1,2,2,2,1,2,2,,3,,4,1,2,2,2,2,6,2,100%,,
75,B.P,24/fev,1,3,1,52,2,5,2,40,1,3,50000,,,5,10000,,,,,8,60000,"0,5",8,"0,5",20,,,"0,5",5,1,2,2,2,2,,1,2,1,2,1,2,2,,2,,1,20700,6,1,Sindicato,1,2,1,1,2,1,1,1,3,2,2,2,2,2,2,2,2,2,1,,1,,2,irrigação,1,,1,,2,tratamento,2,tratamento,1,,1,,2,cobertura túnel baixo,1,3,3,2,2,1,2,1,2,2,2,2,,2,Calor extremo,,3,3,1,3,1,2,1,50%,,
76,S.S.C,8/mar,1,2,1,25,2,5,1,5,4,,,,,,,,,,,,,,,,,,,,,2,2,2,2,2,,2,2,2,2,2,2,2,,,2,2,,,2,,1,2,2,2,2,1,2,2,2,2,2,2,2,2,2,2,2,2,1,,1,,1,,1,,1,,1,,1,,1,,1,,1,,2,2,3,3,1,1,2,2,2,2,2,2,,4,,4,1,1,1,1,2,6,2,100%,,
77,S.S.C,20/mar,1,2,2,25,2,5,1,5,4,,,,,,,,,,,,,,,,,,,,,2,2,2,2,2,,2,2,2,2,2,2,2,,,,2,,,2,,1,2,2,2,2,1,2,2,2,2,2,2,2,2,2,2,2,2,1,,1,,1,,1,,1,,1,,1,,1,,1,,1,,2,2,3,3,1,1,2,2,2,2,2,2,,4,,4,1,1,1,1,2,6,2,100%,,
78,B.P,20/mar,1,1,2,30,2,6,2,2,6,,,,,,,,,,,,,,,,,,,,,2,2,2,1,2,,2,2,2,2,2,2,2,,,,2,,,2,,1,2,2,2,2,1,2,2,2,2,2,2,2,2,2,2,2,2,1,,1,,1,,1,,1,,1,,1,,1,,1,,1,,1,4,3,2,1,1,2,2,2,1,1,2,,3,,1,2,2,2,3,2,6,2,100%,,
79,Feliz,23/fev,1,5,2,36,2,7,2,20,1,15,350000,,,,,,,,,,,4,15,50,10,50,10,10,10,2,2,2,2,2,,1,2,2,2,1,2,2,,2,,2,,,1,sindicato,1,2,1,1,1,1,1,1,4,4,4,4,3,3,3,4,4,3,1,,1,,2,irrigação,1,,1,,2,tratamento,2,tratamento,1,,1,,1,,1,4,3,1,1,1,2,1,2,1,1,1,,1,"El Nino, tornados",,2,2,1,2,1,2,1,80%,,
80,Feliz,23/fev,2,,1,44,2,6,2,20,1,15,350000,,,,,,,,,,,4,10,50,10,50,10,10,10,2,2,2,2,2,,1,2,2,2,1,2,2,,2,,2,,,1,sindicato,1,2,1,1,1,1,1,1,4,4,4,4,3,3,3,4,4,3,1,,1,,2,irrigação,1,,1,,2,tratamento,2,tratamento,1,,1,,1,,1,4,3,1,1,1,2,1,2,1,1,1,,1,"El Nino, tornados",,2,2,1,2,1,2,1,80%,,2
81,Feliz,7/mar,1,4,1,21,2,6,1,7,4,5,140000,2,5890,"0,5",10000,10,,1,,"181,5",155850,2,5,1,10,1,2,9,10,1,2,2,2,2,,2,2,2,2,2,2,2,,,2,1,,6,1,"sindicato, circulo de maquinas e sicredi",1,2,1,1,2,1,1,2,4,1,2,2,2,3,1,4,4,3,1,,1,,1,,1,,1,,2,inseticida,1,,1,,1,,1,,1,2,3,1,1,2,2,1,2,1,2,1,,1,"secas, veranicos",,1,2,1,2,1,2,2,100%,,
82,Feliz,8/mar,1,4,2,49,2,3,4,45,4,,,,,,,,,,,,,2,25,2,5,1,4,1,4,1,2,1,1,2,,1,2,2,1,2,2,2,,4,,1,25000,6,1,sindicato,1,2,1,1,2,1,1,1,2,1,2,2,3,2,2,3,2,2,1,,1,,2,irrigação,1,,1,,2,inseticida,1,,1,,1,,1,,1,3,3,1,2,1,2,2,2,2,2,2,,1,enchentes,,1,3,1,2,1,2,2,100%,,
83,Vale Real,3/mar,1,3,1,58,2,3,2,40,1,,,2,40000,,,6,,1,,9,40000,1,5,,,,,,,2,2,1,1,2,,2,2,2,2,2,2,2,,,2,2,,,1,Feira do Agricultor,1,1,1,1,1,1,1,2,2,1,3,3,2,2,2,1,2,3,1,,1,,1,,1,,1,,2,inseticida,2,inseticida,1,,1,,1,,1,2,3,2,2,2,2,2,2,2,2,2,horários de colheita flexibilizados em função do calor excessivo,1,geadas e frios fora de época; calores excessivos fora de época,,2,2,1,1,1,4,2,70%,,
84,Vale Real,3/mar,3,3,1,22,2,7,1,6,7,,,2,40000,,,8,,1,,11,40000,2,5,1,,,,,,1,2,1,1,2,,2,2,2,2,2,2,2,,,2,2,,,1,Feira do Agricultor,1,1,1,1,2,1,1,2,2,1,4,2,2,2,1,2,2,3,1,,1,,1,,1,,1,,2,inseticida,2,inseticida,1,,1,,1,,1,4,3,2,2,2,2,2,2,2,2,2,Horarios de colheita flexibilizados em função do calor excessivo dos últimos anos,1,geadas e frios fora de época; calores excessivos fora de época,,2,2,1,1,2,4,2,10%,,
85,Vale Real,3/mar,2,3,2,54,2,3,2,40,4,,,4,80000,,,8,,1,,13,80000,1,5,1,3,1,1,,,2,2,1,1,2,,2,2,2,2,2,2,2,,,2,2,,,1,Feira do Agricultor,1,1,1,1,1,1,1,2,2,1,3,3,2,2,2,1,2,3,1,,1,,1,,1,,1,,2,inseticida,2,inseticida,1,,1,,1,,1,2,3,2,2,2,2,2,2,2,2,2,,1,geadas e frios fora de época; calores excessivos fora de época,,2,2,1,1,1,4,2,80%,,
86,Feliz,4/mar,2,2,2,,2,7,2,,1,,,,,,,,,,,,,,,1,6,4,6,,,2,2,2,1,2,,2,2,2,2,2,2,2,,,2,2,,,2,,1,2,1,1,2,1,1,1,2,1,1,2,2,2,2,2,2,2,1,,1,,1,,1,,1,,1,,1,,1,,1,,1,,1,4,3,2,2,2,2,2,2,2,2,2,,3,,,3,3,1,2,2,6,2,50%,,
87,Feliz,4/mar,1,2,1,64,2,3,2,45,1,,,,,,,,,,,,,,,,,,,,,2,2,2,1,2,,2,2,2,2,2,2,2,,4,,1,,4,2,,2,2,2,2,2,2,2,2,2,3,2,2,2,2,2,2,2,3,1,,1,,2,irrigação,2,cobertura,1,,2,inseticida,2,inseticida,1,,1,,1,,1,3,3,2,1,2,2,2,2,1,2,2,,5,,,1,1,1,1,1,3,2,50%,,
88,Feliz,4/mar,1,3,1,60,2,3,2,48,4,"0,5",10000,,,1,,,,,,,,,,2,10,2,10,,,1,2,1,1,2,,1,2,1,2,2,2,2,,4,,1,10000,6,2,,1,2,1,1,1,1,1,1,3,3,3,3,3,3,3,3,3,3,1,,1,,1,,1,,1,,2,tratamento,2,tratamento,1,,1,,1,,1,2,3,1,1,1,2,2,2,2,2,2,,2,secas,,1,1,1,3,2,,2,100%,,
89,Feliz,26/fev,1,3,1,62,2,7,2,50,1,,,,,,,,,,,,,,,1,6,4,6,,,2,2,2,1,2,,2,2,2,2,2,2,2,,,2,2,,,2,,,1,2,1,1,2,1,1,1,2,1,1,2,2,2,2,2,2,2,,1,,1,,1,,1,,1,,1,,1,,1,,1,,1,4,3,2,2,2,2,2,2,2,2,2,,3,,,3,3,1,2,2,6,2,50%,,
90,Feliz,28/mar,1,3,2,55,2,3,2,40,4,"0,5",10000,,,1,,,,,,,,,,2,,2,,,,1,2,1,1,2,,1,2,1,2,2,2,2,,4,,1,10000,6,2,,1,2,1,1,1,1,1,1,3,3,3,3,3,3,3,3,3,3,1,,1,,1,,1,,1,,2,tratamento,2,tratamento,1,,1,,1,,1,2,3,1,1,1,2,2,2,2,2,2,,2,secas,,1,1,1,3,2,6,2,100%,,
91,Feliz,28/mar,1,5,1,55,2,4,2,40,4,1,15000,,,,,,,,,,,,,2,8,3,8,,,2,2,1,1,2,,2,2,2,2,2,2,2,,,1,1,9000,4,2,,1,2,2,1,2,1,1,1,1,1,2,2,1,3,3,2,2,2,1,,1,,1,,1,,1,,1,,1,,1,,1,,1,,1,3,3,4,1,1,2,1,2,1,2,2,,3,,3,3,3,1,2,1,6,2,100%,,
92,Feliz,30/mar,2,5,2,26,2,6,1,10,4,1,10000,,,,,,,,,,,,,2,8,2,8,,,2,2,1,1,2,,2,2,2,2,2,2,2,,,1,2,,,2,,1,2,2,1,2,1,2,1,1,1,2,2,1,3,3,2,2,2,1,,1,,1,,1,,1,,1,,1,,1,,1,,1,,1,2,3,4,1,1,2,1,2,1,2,2,,3,,1,3,3,1,2,1,6,2,100%,,
93,S.S.C,28/fev,1,,1,54,2,3,2,46,1,,,10,45000,,,,,,,10,45000,3,10,2,5,1,5,,,1,2,1,1,2,,1,2,1,1,2,2,2,,4,,1,25000,6,1,"SINDICATO, EMATER, SICREDI",1,2,1,2,2,1,1,2,2,2,2,3,3,3,2,3,3,3,1,,2,Planta em lugares mais altos,2,irrigação,2,estufas,1,,2,inseticida,1,,1,,1,,2,Estufas,1,3,2,1,1,1,1,1,2,1,1,1,,1,"enchentes, secas, veranicos",,1,2,1,1,1,1,2,100%,,
94,Montenegro,26/fev,1,3,1,32,2,5,1,20,1,3,35000,9,50000,,,10,,,,22,85000,5,10,4,4,4,5,,,2,2,2,2,2,,2,2,2,2,2,2,2,,,2,2,,,2,,1,1,1,1,2,1,1,1,3,3,2,3,2,2,2,3,3,3,1,,1,,2,irrigação,1,,1,,2,inseticida,1,,1,,1,,1,,1,3,3,1,1,1,2,1,1,1,2,1,,1,"enchentes, secas",,1,1,2,1,2,4,2,100%,,
95,Montenegro,28/fev,1,4,1,63,2,2,2,54,1,10,60000,7,50000,10,,5,,,,32,110000,3,25,2,10,2,12,1,3,1,1,1,1,1,aves,1,2,2,2,1,2,2,,2,,1,30000,1,2,,1,1,1,1,2,1,1,1,4,4,3,4,3,3,2,4,4,4,1,,1,,2,irrigação,2,estufas,1,,2,inseticida,1,,1,,1,,1,,1,3,3,1,1,1,1,1,1,1,1,1,,1,"enchentes, veranicos, ventos",,2,1,1,1,2,3,2,100%,,
96,Salvador do Sul,11/mar,1,2,1,70,2,2,4,61,1,8,40000,,,,,,,,,8,40000,1,35,1,4,1,8,,,2,2,2,2,2,,2,2,2,2,2,2,2,,,2,2,,,2,,1,2,2,2,2,1,1,2,4,2,3,3,3,2,2,4,4,4,1,,1,,2,irrigação,2,estufas,1,,2,inseticida,1,,2,estufas,2,Estufas,2,Estufas,1,2,2,1,1,1,2,1,2,1,1,1,,1,"enchentes, secas",,2,2,1,2,1,2,2,100%,,
97,Barão,10/mar,1,3,1,68,2,3,2,60,1,2,20000,2,15000,5,,4,20000,,,13,37000,1,40,1,10,2,15,,,1,2,1,1,2,,2,2,2,2,2,2,2,,,2,2,,,2,,1,2,1,1,2,1,2,2,4,1,2,4,4,2,2,4,4,4,1,,1,,2,irrigação,2,estufas,1,,2,Inseticida,1,,1,,1,,1,,1,3,2,1,1,1,1,1,1,1,1,1,,1,"enchentes, calor excessivo",,2,2,1,2,2,4,2,100%,,
98,São Vendelino,8/mar,2,2,2,45,2,3,2,33,1,5,50000,4,55,3,,1,1000,1,,14,106000,2,28,2,10,1,5,,,2,2,1,1,2,,1,,2,1,1,2,2,,2,,1,20000,6,1,"sindicato, sicredi",1,2,2,1,1,1,1,2,4,2,3,4,4,3,3,4,4,3,1,,1,,2,irrigação,1,,1,,2,Inseticida,2,inseticida,1,,1,,2,Estufas,1,2,1,2,1,1,1,2,2,1,1,2,,1,"enchentes, secas, veranicos",,2,1,1,2,2,4,2,100%,,
99,São Vendelino,8/mar,1,4,1,55,2,3,2,44,1,3,40000,1,20000,,,,,"0,5",,"4,5",60000,1,25,3,20,,,,,2,2,2,1,2,,2,2,2,2,2,2,2,,,2,2,,,2,,1,2,2,2,1,1,1,2,3,2,3,4,3,2,2,3,4,3,1,,1,,2,irrigação,1,,1,,2,Inseticida,2,inseticida,1,,1,,1,,2,1,,1,2,1,2,2,2,2,2,2,,2,seca,,2,1,1,1,2,4,2,100%,,
100,tupandi,11/mar,1,2,1,70,2,2,2,62,1,,,2,30000,,,,,,,2,30000,1,35,,,,,,,2,2,2,1,2,,2,2,2,2,2,2,2,,,2,2,,,2,,1,2,2,2,1,2,1,2,4,2,4,4,4,2,2,4,4,4,1,,1,,1,,1,,1,,1,,1,,1,,1,,1,,2,2,2,3,2,2,2,2,2,2,2,2,,3,,1,2,1,1,1,2,6,2,100%,,
101,São Jose do Hortêncio,10/mar,1,3,1,53,2,3,2,42,1,1,30000,3,50000,,,1,,"0,5",,"5,5",80000,2,25,1,15,1,15,,,2,2,2,2,2,,2,2,2,2,2,2,2,,,2,2,,,2,,1,2,1,1,1,1,1,2,3,3,3,3,3,2,2,3,3,3,1,,1,,2,irrigação,2,estufas,1,,2,Inseticida,2,inseticida,1,,1,,1,,1,2,3,1,1,1,1,1,2,1,1,1,,1,"enchentes, calor excessivo",,2,1,1,2,1,2,2,100%,,
102,Vale Real,27/fev,1,2,1,60,2,3,2,51,1,3,40000,,,1,,,,,,4,40000,1,30,,,,,,,1,2,1,1,2,,1,2,1,2,2,2,2,,4,,1,18000,6,2,,1,2,2,2,1,2,1,2,3,3,3,4,3,1,1,3,3,3,1,,1,,1,,1,,1,,1,,1,,1,,1,,1,,2,1,,3,3,2,2,2,2,2,2,2,,3,,1,2,1,1,2,2,4,2,100%,,
103,Linha Nova,14/mar,1,3,1,44,2,4,2,33,1,2,40000,8,60000,"1,5",,1,,,,"12,5",100000,2,30,1,15,4,20,,,1,2,1,1,2,,1,2,1,2,2,2,2,,1,,1,22000,6,2,,1,2,1,1,2,1,1,1,4,3,3,4,3,2,2,4,4,4,1,,2,Planta em lugares mais altos,2,irrigação,2,estufas,1,,2,Inseticida,2,inseticida,1,,2,Estufas,2,Estufas,1,3,2,1,1,1,1,1,1,1,1,1,,1,"veranicos, secas, enchentes, calor extremo",,2,1,1,2,1,1,2,100%,,
104,São Jose do Hortêncio,26/fev,2,3,1,34,2,6,2,20,1,,,3,18000,,,,,,,3,18000,1,12,,,,,,,2,2,2,2,2,,1,2,1,1,2,2,2,,4,3,2,,,1,SICREDI,1,2,2,2,2,1,2,2,3,2,3,3,2,3,4,3,3,2,1,,1,,2,açudes,1,,1,,1,,1,,1,,1,,1,,2,2,3,2,2,2,2,2,2,2,1,1,,2,rios e arroios grandes,,1,3,1,2,2,6,1,20%,,
105,São Jose do Hortêncio,26/fev,3,3,1,21,2,6,1,8,2,2,24000,,,,,2,,1,,5,24000,1,24,1,15,,,,,2,2,2,2,2,,1,2,2,2,2,2,1,,3,,2,,,2,,1,2,2,2,2,1,2,2,3,1,2,2,1,3,3,2,3,4,1,,1,,2,"açudes, irrigação",1,,2,Irrigação,2,pulverização,2,Pulverização,1,,1,,2,Canteiros altos,1,2,3,2,1,1,1,1,2,2,2,2,,2,altas temperaturas; falta de chuva,,1,2,1,2,2,,2,100%,,
106,São Jose do Hortêncio,26/fev,1,3,1,49,2,6,2,37,2,4,60000,,,,,44,,1,,9,60000,1,24,1,15,,,1,12,2,2,2,2,2,,1,2,2,2,2,2,1,,3,,2,,,1,sindicato,1,2,2,2,2,1,2,2,3,1,2,2,1,3,3,2,3,4,1,,1,,2,"açudes, irrigação",1,,2,Irrigação,2,pulverização,2,Pulverização,1,,1,,2,Canteiros altos,1,3,3,2,1,1,1,1,2,2,2,2,,2,altas temperaturas; falta de chuva,,1,2,1,2,1,6,2,100%,,
107,São Jose do Hortêncio,26/2/2019,1,8,1,65,2,3,2,65,1,,,,,,,,,,,,,1,4,1,18,,,1,10,2,2,2,2,2,,2,2,2,2,2,2,2,,4,2,2,,6,2,,1,1,1,1,2,1,1,1,2,1,4,4,2,2,2,4,2,2,1,,1,,2,,2,,1,,2,,2,,1,,2,,2,,1,2,2,2,1,1,2,2,2,2,2,2,,1,secas,,1,2,1,2,2,4,2,100%,,
108,São Jose do Hortêncio,6/mar,1,2,1,75,2,3,2,60,1,,,2,8000,"0,5",5000,10,2500,,,"12,5",15500,,,,,,,,,1,2,2,2,2,,2,2,2,2,2,2,2,,,3,2,,,2,,1,2,2,1,2,1,1,2,2,1,3,2,2,2,2,2,3,2,1,,1,,1,,1,,1,,1,,1,,1,,1,,1,,2,2,3,6,3,2,2,2,2,2,2,2,,5,,3,1,1,1,3,1,1,2,75%,,
109,São Jose do Hortêncio,6/mar,2,2,2,68,2,3,2,25,1,,,2,8000,"0,8",15000,10,2500,,,"12,8",25500,,,,,,,,,1,2,2,2,2,,2,2,2,2,2,2,2,,,3,2,,,2,,1,2,2,1,2,1,1,2,1,1,1,1,1,1,1,1,1,1,1,,1,,1,,1,,1,,1,,1,,1,,1,,1,,1,2,3,2,2,2,2,2,2,2,2,2,não chegou a influenciar,3,,1,3,3,1,1,1,1,2,75%,,
110,São Jose do Hortêncio,2/mar,3,3,1,38,2,3,2,30,1,,,,,8,25000,,,,,8,25000,1,10,,,,,,,1,2,2,2,2,,2,2,2,2,2,2,2,,,,2,,,1,círculo de máquinas,1,2,1,1,2,1,1,1,2,2,2,2,2,2,2,2,2,2,1,,1,,2,estoque de comida para os animais,2,estoque de comida para os animais,1,,1,,1,,1,,1,,1,,1,2,3,2,2,2,2,2,2,1,2,2,,2,"seca, verões muito quentes",,3,1,1,1,2,,1,60%,,
111,São Jose do Hortêncio,3/mar,1,3,1,33,2,6,2,15,1,4,18000,2,5000,2,6000,1,,,,9,29000,1,11,2,10,,,,,1,2,2,2,2,,1,2,2,2,2,2,2,Veterinários,4,3,2,,,2,,1,2,1,1,2,1,1,2,2,1,2,2,2,3,3,2,2,2,1,,1,,2,abrindo reservas,1,,1,,2,pulverização,2,Pulverização,1,,1,,1,,2,2,3,4,1,1,2,2,2,2,2,2,,2,Verão muito quente,,1,2,1,2,1,1,2,100%,,
112,B.P,25/mar,1,4,1,61,2,1,2,53,1,2,30000,"1,5",5000,2,,3,,,,"8,5",35000,1,45,3,3,2,30,,,1,2,1,1,2,,1,2,1,1,2,2,2,,2,,1,30000,2,1,sindicato,1,2,2,2,2,2,2,2,4,4,1,4,3,2,2,4,4,3,1,,1,,2,Irrigação,1,,1,,2,Inseticida,2,Fungicida,1,,1,,1,,2,2,2,2,3,1,2,2,2,1,2,2,,3,,4,2,1,1,2,2,4,2,100%,,
113,S.S.C,25/mar,1,2,1,60,2,3,2,52,1,3,20000,,,,,"0,5",,,,"3,5",20000,1,48,1,10,1,20,,,2,2,2,2,2,,1,2,1,2,2,2,2,,1,,2,,,1,Emater,1,2,2,1,1,1,1,2,3,2,1,3,1,3,3,3,3,3,1,,1,,2,Irrigação,2,estufas,1,,2,Inseticida,2,Fungicida,1,,1,,1,,1,2,2,1,1,1,2,2,2,2,2,2,,1,enchente,,2,1,1,1,1,1,2,100%,,
114,Feliz,25/mar,1,5,1,73,2,2,2,65,1,2,25000,,,,,,,,,2,25000,1,50,,,,,,,2,2,2,1,2,,2,,2,2,2,2,2,,,2,2,,,2,,1,2,2,1,2,2,1,2,3,2,1,3,2,2,2,3,3,3,1,,1,,1,,1,,1,,1,,1,,1,,1,,1,,2,1,3,6,3,2,2,2,2,2,2,2,,5,,1,2,2,1,2,1,1,2,100%,,
115,São Vendelino,25/mar,1,1,1,69,2,1,4,61,1,,,2,30000,,,1,5000,,,3,35000,1,50,,,,,,,2,2,2,2,2,,2,2,2,2,2,2,2,,,1,2,,2,1,,1,2,2,1,2,2,1,2,3,2,1,4,3,2,2,4,4,2,1,,1,,1,,1,,1,,1,,1,,1,,1,,1,,2,1,,2,3,2,2,2,2,1,2,2,,1,enchentes,,2,2,1,2,2,4,2,100%,,
116,B.P,23/mar,1,2,1,65,2,2,2,56,1,4,60000,5,45000,2,,3,15000,1,,15,120000,4,50,4,40,6,50,,,1,1,1,1,2,Aves,1,2,1,1,2,2,2,,2,,1,30000,1,1,sindicato,1,1,1,2,2,1,1,1,4,3,2,4,3,3,3,4,4,4,1,,2,plantar em lugares mais altos,2,Irrigação,2,estufas,1,,2,Inseticida,2,Fungicida,1,,1,,1,,1,3,3,1,1,1,1,1,1,1,1,1,,1,"secas, veranicos",,2,1,1,1,1,2,2,100%,,
117,Vale Real,7/mar,1,4,1,44,2,3,2,35,1,3,40000,3,40000,,,,,,,6,80000,2,25,,,,,,,2,2,2,2,2,,2,2,2,2,2,2,2,,,2,2,,,2,,1,2,2,1,2,1,2,2,4,1,1,4,2,2,2,4,4,2,1,,1,,1,,1,,1,,1,,1,,1,,1,,1,,1,2,2,2,2,2,2,2,2,2,2,2,,3,,3,2,1,1,2,2,4,2,100%,,
118,Vale Real,7/mar,1,3,1,34,2,5,2,25,1,6,70000,3,50000,1,,"0,5",3000,1,,"11,5",123000,5,25,3,25,6,25,,,1,2,1,1,2,,1,2,2,2,1,1,1,,4,,2,,,2,,1,1,1,2,2,1,1,1,3,2,2,4,3,3,3,4,4,3,1,,1,,2,Irrigação,2,estufas,1,,2,Inseticida,2,Fungicida,1,,1,,1,,1,3,3,1,1,1,1,1,1,1,1,1,,1,"enchentes, veranicos ",,2,2,1,2,2,6,2,100%,,
119,Vale Real,22/mar,1,1,1,68,2,2,4,60,1,,,2,25000,,,3,,,,5,25000,,,,,,,,,2,2,2,2,2,,2,2,2,2,2,2,2,,,2,2,,,2,,1,2,2,1,2,2,1,2,3,2,1,4,2,2,2,4,4,3,1,,1,,1,,1,,1,,1,,1,,1,,1,,1,,1,2,2,2,2,2,2,2,2,2,2,2,,2,enchentes,,2,1,2,2,2,6,2,100%,,
120,Vale Real,5/mar,1,3,1,51,2,4,2,40,1,4,40000,2,30000,"0,5",,5,,1,,"12,5",70000,3,40,1,30,3,30,,,1,2,2,1,2,,2,2,2,2,2,2,2,,,2,2,,,2,,1,2,1,1,2,1,1,2,3,2,2,4,3,3,3,4,4,3,1,,1,,2,Irrigação,2,Estufas,1,,2,Inseticida,2,Fungicida,1,,2,Estufas,1,,1,3,3,1,1,1,1,1,1,1,1,1,,1,"secas, enchentes",,2,1,1,2,2,4,2,100%,,
121,Alto Feliz,1/abr,1,3,1,54,2,3,2,44,1,2,30000,1,25000,,,,,"0,3",,"3,3",55000,1,40,,,,,,,2,2,2,1,2,Aves,2,2,2,2,2,2,2,,,2,2,,,2,,1,2,2,1,2,1,2,2,3,1,1,3,2,2,1,3,3,2,1,,1,,1,,1,,1,,1,,1,,1,,1,,1,,2,2,2,2,2,2,2,2,2,1,2,2,,3,,3,2,2,1,1,2,4,2,100%,,
122,Montenegro,2/abr,2,3,2,52,2,3,2,45,1,3,25000,4,50000,,,,,,,7,75000,1,40,1,40,1,30,,,2,2,2,2,2,,2,2,2,2,2,2,2,,,2,2,,,2,,1,2,1,1,2,1,1,2,3,4,1,3,3,2,2,4,4,4,1,,1,,2,Irrigação,2,estufas,1,,2,Inseticida,2,Fungicida,1,,1,,1,,1,2,2,1,1,1,2,1,2,1,2,2,,1,enchentes,,2,1,1,2,2,4,2,100%,,
123,Pareci Novo,22/mar,1,2,1,63,2,2,2,54,1,,,2,30000,,,4,,"0,5",,"6,5",30000,1,50,,,,,,,2,2,2,1,2,,2,2,2,2,2,2,2,,,2,2,,,2,,1,2,2,1,2,2,1,2,3,1,1,3,2,2,2,3,2,2,1,,1,,1,,1,,1,,1,,1,,1,,1,,1,,1,2,2,1,1,2,2,2,2,1,2,2,,2,enchentes,,2,1,1,2,2,4,2,100%,,
124,Pareci Novo,22/mar,1,5,1,48,2,3,2,40,1,5,60000,2,30000,1,,"1,5",,1,,"10,5",90000,3,40,2,40,3,40,,,1,2,1,1,2,,1,2,1,2,2,2,1,,4,,1,30000,6,2,,1,2,1,1,2,1,1,2,3,2,2,3,3,2,2,3,4,3,1,,1,,2,Irrigação,2,estufas,1,,2,Inseticida,2,Fungicida,1,,2,Estufas,1,,1,3,3,1,1,1,1,1,1,1,1,1,,1,"enchentes, veranicos, seca",,2,1,1,2,1,1,2,100%,,
125,São Jose do Hortêncio,24/fev,1,3,1,34,2,6,1,25,1,2,40000,3,40000,2,,3,5000,1,,11,85000,2,28,2,25,3,50,,,1,1,1,1,2,,1,2,2,2,2,2,1,,4,,2,,,2,,1,1,1,1,2,1,1,1,4,1,1,4,2,2,2,4,4,3,1,,1,,2,Irrigação,2,estufas,1,,2,Inseticida,1,,1,,1,,1,,1,3,3,1,1,1,2,1,2,1,1,1,,1,enchente,,2,2,1,1,1,6,2,100%,,
126,Pareci Novo,4/mar,1,3,1,40,2,5,1,31,1,2,40000,,,,,1,,,,3,40000,1,28,2,20,3,25,,,2,2,2,2,2,,1,2,1,2,2,2,2,,4,,2,,,2,,1,2,1,1,2,1,2,2,3,2,1,3,2,2,2,3,3,2,1,,1,,2,Irrigação,2,Estufas,1,,2,Inseticida,2,Fungicida,2,Corta vento,1,,1,,1,4,3,1,1,1,1,1,1,1,1,1,,1,muito calor e muito frio,,2,2,1,2,1,1,2,100%,,
127,Montenegro,1/abr,1,2,1,57,2,2,1,49,2,2,25000,,,,,,,"0,3",,"2,3",25000,1,40,,,,,,,2,2,2,1,2,,2,2,2,2,2,2,2,,,2,2,,,2,,1,2,2,1,2,1,1,2,3,3,1,3,2,2,2,3,3,3,1,,1,,1,,1,,1,,1,,1,,1,,1,,1,,2,2,2,2,2,2,2,1,2,1,1,2,,3,,3,2,1,2,2,2,6,2,100%,,
128,S.S.C,2/abr,1,3,1,59,2,3,2,40,1,4,60000,6,70000,2,,"1,5",,1,,"14,5",130000,4,40,3,40,5,40,,,2,2,1,2,1,,1,2,2,1,2,2,1,,4,2,1,30000,1,1,Sindicato,1,1,1,2,2,1,2,1,3,2,1,4,3,2,2,3,4,3,1,,1,,2,Irrigação,2,Estufas,1,,2,Inseticida,2,Fungicida,2,Corta vento,1,,1,,1,4,2,1,1,1,1,1,1,1,1,1,,1,"Calor extremo, frio extremo, enchentes, secas",,2,1,1,1,1,2,2,100%,,
129,B.P,1/abr,1,3,1,42,2,4,2,30,1,"0,5",10000,3,30000,,,,,,,"3,5",40000,1,20,,,,,,,1,2,1,1,2,,1,2,1,2,2,2,2,,1,,1,,6,2,,1,2,2,1,2,1,1,2,3,1,1,3,1,2,2,3,3,3,1,,1,,2,Irrigação,1,,1,,1,,1,,1,,1,,1,,1,3,3,1,1,1,2,2,2,1,2,2,,1,enchentes,,2,1,1,1,1,2,2,100%,,
130,Linha Nova,7/mar,2,3,2,35,2,6,2,22,1,"1,5",35000,4,45000,"0,3",,"0,5",,,,"6,3",80000,1,20,1,15,2,8,,,1,2,1,1,2,,1,2,2,2,2,2,1,,2,,2,,,2,,1,2,1,1,2,1,2,2,3,2,2,3,3,2,2,3,3,3,1,,1,,2,Irrigação,1,,2,inseticida,2,fungucida,1,,1,,1,,1,,1,3,3,1,1,1,1,1,2,1,2,1,,1,"enchentes, veranicos",,2,1,1,2,1,3,2,100%,,
131,S.S.C,22/mar,1,4,1,54,2,3,2,42,1,1,30000,1,25000,,,"0,5",,"0,2",,"2,7",55000,1,30,1,30,2,25,,,1,2,2,1,2,,1,2,1,2,2,2,1,,4,,2,,,1,Sindicato,1,2,1,1,2,1,1,2,3,3,2,3,3,2,2,3,3,3,1,,1,,2,Irrigação,2,Estufas,1,,2,Inseticida,1,,1,,1,,1,,1,3,3,1,1,1,1,1,2,1,1,1,,1,"secas, veranicos",,2,1,1,2,1,2,2,100%,,
132,B.P,22/mar,1,2,1,48,2,3,1,40,2,1,25000,,,,,,,,,1,25000,1,10,1,10,,,,,2,2,1,1,2,,1,2,1,2,2,2,2,,4,,2,,,1,Sindicato,1,2,2,1,2,2,1,2,3,2,2,3,2,2,2,3,3,2,1,,1,,2,Irrigação,1,,1,,1,,1,,1,,1,,1,,1,3,3,2,1,1,2,1,2,1,2,2,,2,"enchentes, calores extremos",,2,1,1,1,1,4,2,100%,,
133,Feliz,17/fev,1,1,1,54,2,2,4,45,1,,,1,20000,,,,,,,1,20000,,,,,,,,,2,2,2,1,2,,2,2,2,2,2,2,2,,,3,2,,,2,,1,2,2,1,1,2,1,2,1,1,1,2,1,1,1,2,2,2,1,,1,,1,,1,,1,,1,,1,,1,,1,,1,,2,2,3,1,2,2,2,2,2,2,2,2,,5,,4,2,1,1,1,2,6,2,100%,,
134,B.P,9/mar,1,2,1,32,2,5,2,20,2,"1,5",20000,,,"0,5",,,,,,2,20000,1,20,,,1,10,,,2,2,2,2,2,,2,2,2,2,2,2,2,,,2,2,,,2,,1,1,2,1,2,1,1,2,2,2,2,2,2,1,1,3,3,2,1,,1,,1,,1,,1,,1,,1,,1,,1,,1,,1,2,3,2,1,2,1,2,2,1,1,2,,2,"Enchentes, secas",,1,1,2,1,1,4,2,100%,,
135,São Vendelino,2/abr,1,3,1,44,2,3,2,32,1,1,30000,,,,,,,,,1,30000,1,20,,,,,,,2,2,2,1,2,,2,2,2,2,2,2,2,,,2,2,,,2,,1,2,2,1,2,1,1,2,2,2,3,2,2,1,1,2,2,2,1,,1,,1,,1,,1,,1,,1,,1,,1,,1,,2,1,3,3,2,2,2,2,2,2,2,2,,3,,1,2,1,2,1,2,4,2,100%,,
136,Feliz,3/abr,1,2,1,54,2,4,2,42,1,1,35000,1,30000,,,,,,,2,65000,1,35,,,2,10,,,2,2,2,1,2,,2,2,2,2,2,2,2,,,2,2,,,2,,1,2,2,1,1,1,1,2,2,2,2,3,2,1,1,2,2,2,1,,1,,1,,1,,1,,1,,1,,1,,1,,1,,1,2,3,2,2,2,2,2,2,2,2,2,,1,muito calor (verões muito quentes),,2,1,1,1,2,5,2,100%,,
137,B.P,28/fev,1,2,1,60,2,2,2,50,1,2,35000,"1,5",30000,"0,5",,1,,,,5,65000,1,45,1,40,1,40,,,1,2,1,1,2,,1,2,1,1,1,2,2,,4,,1,20000,6,1,Sindicato; Sicredi,1,2,1,1,2,1,1,2,3,2,2,3,2,2,2,3,3,2,1,,1,,2,Irrigação,2,estufas,1,,2,Inseticida,2,Fungicida,1,,1,,1,,1,3,3,1,1,1,1,1,1,1,1,1,,1,enchentes,,2,1,1,2,1,2,2,100%,,
138,Vale Real,7/mar,1,2,1,40,2,3,1,32,1,1,35000,,,,,,,,,1,35000,1,20,,,,,,,2,2,2,2,2,,2,2,2,2,2,2,2,,,2,2,,,2,,1,2,2,1,1,2,1,2,1,1,1,3,2,1,1,3,2,2,1,,1,,1,,1,,1,,2,Inseticida,1,,1,,1,,1,,1,2,2,2,2,2,2,2,2,1,2,2,,3,,3,2,2,1,2,1,4,2,100%,,
139,Alto Feliz,14/mar,2,3,2,42,2,5,2,30,1,1,35000,"1,5",50000,,,,,,,"2,5",85000,2,30,1,25,3,20,,,2,2,2,2,2,,2,2,2,2,2,2,2,,,2,2,,,2,,1,2,1,2,2,1,2,1,3,1,1,3,2,1,3,3,3,3,1,,1,,2,Irrigação,1,,1,,2,Inseticida,2,Fungicida,1,,1,,1,,1,3,3,1,1,1,2,1,2,1,2,1,,1,calor extremo,,2,1,1,2,1,4,2,100%,,
140,B.P,22/mar,1,2,1,38,2,5,2,24,1,1,30000,1,30000,"0,3",,"0,5",,"0,5",,"3,3",60000,2,20,1,20,1,20,,,1,1,2,1,2,,1,2,1,2,2,2,1,,4,,2,,,2,,1,1,1,1,2,1,2,2,3,2,2,3,3,2,2,3,3,3,1,,1,,2,Irrigação,1,,1,,2,Inseticida,2,Fungicida,2,Corta vento,2,Estufas,1,,1,3,3,2,1,1,2,1,2,1,1,1,,1,"Calor extremo, enchentes",,2,2,1,2,2,5,2,100%,,
141,Barão,22/mar,1,2,1,53,2,2,1,40,2,,,1,20000,,,,,,,1,20000,1,30,,,,,,,2,2,2,1,2,,2,2,2,2,2,2,2,,4,2,2,,,2,,1,2,2,1,2,2,1,2,1,1,1,2,1,1,1,2,2,2,1,,1,,1,,1,,1,,1,,1,,1,,1,,1,,2,1,2,6,2,2,2,2,2,2,2,2,,3,,4,2,1,1,2,1,4,2,100%,,
142,Barão,22/mar,1,4,1,60,2,2,2,51,1,,,2,30000,,,,,,,2,30000,1,30,,,,,,,2,2,2,1,2,,2,2,2,2,2,2,2,,,2,2,,,2,,1,2,2,1,1,2,1,2,3,1,1,3,2,1,1,3,3,2,1,,1,,1,,1,,1,,1,,1,,1,,1,,1,,2,1,,6,3,2,2,2,2,2,2,2,,5,,1,1,2,2,2,1,5,2,100%,,
143,B.P,25/mar,1,5,1,25,2,7,1,1,2,2,4000,3,11200,,,,,,,5,15200,,,1,1,,,,,2,2,2,2,2,,2,2,2,2,2,2,2,,,2,2,,,1,Sindicato,1,2,2,2,2,1,2,2,4,3,3,3,2,3,3,4,4,3,1,,1,,2,açudes,1,,1,,2,agrotóxicos,2,agrotóxicos,1,,1,,1,,1,4,3,1,1,1,2,2,2,1,2,1,,2,Excesso de chuva e calor,,1,2,1,2,2,6,2,100%,,
144,B.P,25/mar,1,2,1,28,2,6,1,12,1,"1,5",30000,"1,5",30000,,,,,,,3,60000,1,15,1,10,1,10,,,1,2,1,1,2,,1,2,1,1,2,2,2,,4,,2,,,1,"Sindicato, sicredi",1,2,1,1,2,1,1,2,3,2,2,3,2,2,2,3,3,2,1,,1,,2,Irrigação,1,,1,,1,,2,Fungicida,2,Corta vento,1,,1,,1,3,3,1,1,1,1,1,2,1,2,2,,1,"verões muito quentes, secas",,2,1,1,2,2,6,2,100%,,
145,B.P,23/fev,1,3,1,52,2,2,2,41,1,,,1,20000,1,,"0,5",2000,,,"2,5",22000,1,30,,,,,,,2,2,1,2,2,,1,2,2,2,2,2,1,,4,,1,12000,6,1,Sicredi,1,2,2,1,2,1,1,2,3,3,3,3,2,2,1,3,3,2,1,,1,,1,,1,,1,,1,,1,,1,,1,,1,,1,2,2,2,2,2,2,2,2,1,2,2,,3,,4,2,2,1,2,1,2,2,100%,,
146,B.P,23/fev,1,2,1,60,2,2,2,50,1,1,30000,,,,,,,,,1,30000,,,,,,,,,2,2,2,2,2,,2,2,2,2,2,2,2,,,2,2,,,2,,1,2,2,1,1,2,1,2,2,1,1,2,1,1,1,2,1,1,1,,1,,1,,1,,1,,1,,1,,1,,1,,1,,1,2,2,2,2,2,2,2,2,2,2,2,,2,"Secas, enchentes",1,1,1,2,2,1,1,2,100%,,
147,Feliz,2/mar,1,2,1,48,2,1,1,35,1,"0,5",10000,"0,8",18000,,,"0,2",,,,"1,5",28000,,,,,,,,,2,2,2,1,2,,2,2,2,2,2,2,2,,,3,2,,,2,,1,2,2,1,2,2,1,2,2,2,1,2,1,1,2,2,1,2,1,,1,,1,,1,,1,,1,,1,,1,,1,,1,,2,1,,6,3,2,2,2,2,2,2,2,,5,,1,2,2,1,2,2,6,2,100%,,
148,Feliz,5/mar,1,2,1,52,2,2,1,40,2,,,1,20000,"0,2",,"0,8",,,,2,20000,1,25,1,20,,,,,1,2,2,1,2,,2,2,2,2,2,2,2,,,3,2,,,2,,1,2,2,1,1,2,1,2,2,2,2,3,2,2,2,3,3,2,1,,1,,2,Irrigação,1,,1,,1,,1,,1,,1,,1,,1,2,3,1,1,1,2,2,2,2,2,2,,1,enchentes,,2,1,1,2,1,4,2,100%,,
149,B.P,5/mar,1,3,1,55,2,3,2,45,1,2,30000,1,25000,,,,,,,3,55000,1,30,1,30,,,,,1,2,1,1,2,,2,2,2,2,2,2,2,,,2,2,,,2,,1,2,2,1,2,2,1,2,2,1,1,2,2,2,2,2,2,2,1,,1,,1,,1,,1,,1,,2,Fungicida,1,,1,,1,,1,2,2,2,1,1,2,2,2,2,2,2,,2,secas,,2,2,2,3,2,4,2,100%,,
150,Pareci Novo,26/fev,1,4,1,42,2,3,2,31,1,1,35000,,,,,,,,,1,35000,1,20,1,20,1,20,,,2,2,2,2,2,,1,2,2,2,2,2,1,,4,,1,,6,1,SICREDI,1,2,1,1,2,1,1,2,2,3,1,2,2,2,2,2,3,2,1,,1,,2,Irrigação,2,Estufas,1,,1,,1,,1,,1,,1,,1,3,3,1,1,1,2,1,2,1,2,1,,1,"veranicos, calor extremo",,2,2,1,1,1,2,2,100%,,
151,B.P,26/fev,1,5,1,53,2,8,2,20,1,,,"0,8",10000,"0,3",,,,,,"1,1",10000,,,,,1,8,,,2,2,1,1,2,,2,2,2,2,2,2,2,,,2,2,,,2,,1,2,1,1,2,1,1,2,3,1,1,2,3,2,3,3,3,2,1,,1,,1,,2,ESTUFAS,1,,1,,1,,1,,1,,1,,1,2,2,1,1,2,2,1,2,1,2,2,,1,Veranicos,,2,1,1,3,1,4,1,30%,,
152,B.P,26/fev,1,3,1,45,2,3,2,33,1,1,25000,2,35000,,,,,,,3,60000,1,30,2,25,1,20,,,2,2,2,1,2,,1,2,1,2,2,2,2,,4,,2,,,1,SICREDI,1,2,1,1,2,1,1,2,3,2,2,3,2,2,2,3,3,2,1,,1,,2,Irrigação,2,estufas,1,,2,Inseticida,2,Fungicida,1,,1,,1,,1,2,3,2,1,1,1,1,2,1,2,2,,1,enchentes,,2,2,3,3,1,4,2,100%,,
153,B.P,26/fev,1,2,1,39,2,5,1,28,1,"1,5",40000,2,32000,,,,,,,"3,5",72000,1,25,2,25,3,25,,,2,2,2,2,2,,2,2,2,2,2,2,2,,,2,1,12000,6,1,SICREDI,1,2,1,1,2,1,1,2,3,1,1,3,1,1,1,3,3,3,1,,1,,2,Irrigação,1,,1,,1,,1,,2,Corta vento,1,,1,,1,3,3,1,1,1,1,2,2,1,2,2,,1,Verões cada vez mais quentes,,2,1,3,3,1,1,2,100%,,
154,B.P,26/fev,1,4,1,28,2,6,1,18,2,"0,8",45000,"0,2",20000,"0,5",,"0,5",,,,2,65000,1,18,1,18,,,,,1,2,2,2,2,Aves,1,2,1,2,2,2,2,,4,,2,,,1,SICREDI,1,2,1,2,2,1,1,1,3,4,1,3,1,1,1,3,3,4,1,,1,,2,Irrigação,1,,1,,1,,1,,1,,1,,1,,1,3,3,1,1,1,2,2,2,1,2,2,,5,,,3,3,3,3,2,5,2,100%,,
155,Feliz,28/fev,1,3,1,49,2,4,2,40,1,2,40000,,,,,"0,3",,,,"2,3",40000,2,40,2,40,3,40,,,2,2,2,2,2,,1,2,2,2,2,2,1,,4,,2,,,2,,1,2,1,1,2,1,1,2,2,1,1,2,1,2,2,2,3,2,1,,1,,2,Irrigação,2,Estufas,1,,2,Inseticida,1,,1,,1,,1,,1,2,3,1,1,1,1,1,1,1,1,1,,1,"enchentes, secas",,2,1,3,3,1,4,2,100%,,
156,B.P,4/mar,1,2,1,49,2,3,2,39,1,,,"0,8",20000,,,"0,2",,,,1,20000,,,,,,,,,2,2,2,2,2,,2,2,2,2,2,2,2,,,3,2,,,2,,1,2,1,1,2,1,2,2,2,1,1,2,1,1,2,2,2,1,1,,1,,1,,1,,1,,1,,1,,1,,1,,1,,1,3,2,2,2,2,2,2,2,2,2,2,,5,,1,2,2,1,3,1,4,1,30%,,
157,Linha Nova,8/mar,1,3,1,70,2,1,2,62,1,,,"0,3",15000,"0,2",,"0,5",,,,1,15000,1,60,,,,,,,1,2,1,1,2,,2,2,2,2,2,2,2,,,2,2,,,2,,1,2,2,1,1,2,1,2,2,1,1,1,1,1,1,1,2,1,1,,1,,1,,1,,1,,1,,1,,1,,1,,1,,2,1,3,6,3,2,2,2,2,2,2,2,,5,,3,2,1,1,2,2,5,2,100%,,
158,B.P,14/mar,1,2,1,55,2,3,2,43,1,1,35000,,,"0,8",,,,,,"1,8",35000,1,40,,,,,,,1,2,1,2,2,,2,2,2,2,2,2,2,,,2,2,,,1,"SICREDI, sindicato",1,2,1,1,2,1,1,2,3,2,2,3,3,3,3,3,3,3,1,,1,,1,,1,,1,,2,inseticida,2,Fungicida,1,,1,,1,,1,2,3,1,1,2,1,2,2,1,2,2,,1,secas,,2,1,1,3,1,5,2,100%,,
159,B.P,14/mar,1,2,1,50,2,3,2,42,1,"0,8",25000,"1,5",35000,"0,5",,1,,,,"3,8",60000,2,40,1,40,2,15,,,1,2,1,1,2,,2,2,2,2,2,2,2,,,2,2,,,1,sicredi,1,2,2,1,1,1,1,2,3,3,2,3,2,2,3,4,4,3,1,,2,plantio em canteiros mais altos,2,Irrigação,2,estufas,1,,2,inseticida,2,Fungicida,1,,1,,1,,1,3,2,1,1,1,1,1,1,1,1,1,,1,"enchentes, veranicos",,2,1,1,2,1,2,2,100%,,
160,Alto Feliz,4/abr,1,3,1,43,2,3,1,30,1,1,30000,1,35000,,,,,,,2,65000,1,30,1,30,,,,,2,2,2,2,2,,1,2,2,2,2,2,1,,4,,2,,,2,,1,2,1,1,2,1,1,2,3,1,1,3,2,2,3,3,3,3,1,,1,,1,,1,,1,,1,,2,Fungicida,1,,1,,1,,1,2,3,1,1,1,2,2,2,1,2,2,,1,secas,,2,2,1,3,1,1,2,100%,,
161,B.P,25/mar,1,3,1,40,2,4,2,30,1,,,"0,5",5000,2,10000,,,,,"2,5",15000,1,30,,,1,10,,,1,2,2,2,2,,2,2,2,2,2,2,2,,,2,1,,6,1,SICREDI,1,2,1,1,2,1,1,2,3,3,3,3,3,1,1,2,2,2,1,,1,,2,Irrigação,1,,1,,1,,1,,1,,1,,1,,1,2,2,2,2,2,2,2,2,2,2,2,,1,"SECAS, CALOR EXTREMO",,3,3,1,3,1,5,2,100%,,
162,B.P,25/mar,1,2,1,33,2,5,2,20,1,"1,5",40000,1,35000,"0,5",,1,,,,4,75000,1,20,1,15,1,6,,,1,1,1,1,2,AVES,1,2,1,2,1,2,2,,1,,1,,1,2,,1,2,2,1,1,2,1,2,3,2,3,3,3,3,3,3,3,3,1,,1,,2,Irrigação,2,ESTUFAS,2,ESTUFAS,2,inseticida,2,Fungicida,2,estufas,1,,1,,1,2,3,1,1,1,1,1,1,1,1,1,,2,enchentes fora de época,,2,2,2,3,1,1,2,100%,,
163,S.S.C,28/mar,1,2,1,53,2,3,2,42,1,,,1,40000,,,,,,,1,40000,1,30,1,30,,,,,2,2,2,1,2,,2,2,2,2,2,2,2,,,2,2,,,2,,1,2,1,2,2,1,1,2,2,1,1,2,1,2,1,2,2,1,1,,1,,1,,1,,1,,2,inseticida,1,,1,,1,,1,,1,2,2,3,2,2,2,2,2,2,2,2,,3,,4,2,2,1,3,2,6,2,100%,,
164,Feliz,26/mar,1,4,1,47,2,4,2,35,1,1,40000,,,"0,5",,"0,5",,,,2,40000,1,30,1,30,1,5,,,1,2,2,1,2,,2,2,2,2,2,2,2,,,2,2,,,2,,1,2,2,1,2,1,1,2,2,2,2,4,2,1,2,3,4,3,1,,1,,2,Irrigação,1,,1,,1,,2,Fungicida,1,,1,,1,,1,2,2,2,1,1,1,1,2,1,2,2,,1,enchentes fora de época,,2,1,3,3,1,1,2,100%,,
165,Feliz,26/mar,1,5,1,61,2,2,2,50,1,"0,5",8000,"0,8",10000,"0,2",,,,,,"1,5",18000,1,50,,,,,,,1,2,2,1,2,,1,2,1,2,2,2,2,,4,,2,,,2,,1,2,2,1,2,1,1,2,4,3,3,4,1,3,3,3,4,4,1,,1,,1,,1,,1,,1,,1,,1,,1,,1,,1,2,2,2,2,2,2,2,2,2,2,2,,3,,3,2,1,3,2,1,6,2,100%,,
166,B.P,25/mar,1,3,1,38,2,5,2,28,1,,,1,30000,,,,,,,1,30000,1,20,1,20,2,9,,,2,2,2,2,2,AVES,2,2,2,2,2,2,2,,,2,2,,,2,,1,1,1,1,2,1,1,2,2,3,3,3,2,2,1,2,2,2,1,,1,,2,Irrigação,1,,1,,1,,2,Fungicida,1,,1,,1,,1,2,3,2,1,1,2,1,2,1,2,2,,5,,1,3,1,3,3,1,1,2,100%,,
167,B.P,4/mar,1,3,1,60,2,2,2,51,1,1,30000,,,,,"0,5",,,,"1,5",30000,1,38,,,1,15,,,1,2,2,1,2,,2,2,2,2,2,2,2,,,2,2,,,2,,1,2,1,1,2,1,1,2,2,2,1,3,1,1,3,3,3,2,1,,1,,1,,1,,1,,1,,2,Fungicida,1,,1,,1,,1,2,2,1,1,2,2,2,2,1,2,1,,1,"enchentes, secas",,2,1,3,3,1,1,2,100%,,
168,B.P,4/mar,1,2,1,47,2,3,2,33,1,"0,5",20000,2,40000,"0,5",,1,,"0,2",,"4,2",60000,1,25,2,25,3,10,,,1,2,2,1,2,,1,2,1,2,2,2,1,,4,,1,20000,1,1,Sindicato,1,1,1,1,2,1,1,2,3,2,2,4,3,3,3,4,4,4,1,,1,,2,irrigação,2,estufas,1,,2,inseticida,2,Fungicida,2,Corta vento,1,,1,,1,3,3,1,1,1,1,1,1,1,1,1,,1,Verões cada vez mais quentes,,2,1,1,3,1,1,2,100%,,
169,B.P,4/mar,1,3,1,47,2,4,2,35,1,1,30000,1,45000,,,,,,,2,75000,1,30,1,30,1,5,,,2,2,2,2,2,,2,2,2,2,2,2,2,,,2,2,,,2,,1,2,1,1,1,1,1,2,2,2,2,3,2,2,2,2,3,2,1,,1,,2,irrigação,1,,1,,1,,1,,1,,1,,1,,1,2,3,2,1,1,2,1,2,1,2,2,,1,"secas, veranicos",,2,3,1,3,1,5,2,100%,,
170,B.P,4/mar,1,4,1,50,2,4,2,41,1,,,"1,5",20000,"0,8",3000,,,,,"2,3",23000,,,,,1,7,,,2,2,2,2,2,,2,2,2,2,2,2,2,,,3,2,,,2,,1,2,2,1,1,2,1,2,1,1,1,1,1,1,2,1,1,1,1,,1,,1,,1,,1,,1,,1,,1,,1,,1,,1,2,2,2,2,2,2,2,2,2,2,2,,2,SECAS,,3,2,3,3,1,5,1,30%,,
171,B.P,4/mar,1,2,1,43,2,4,2,30,1,"0,8",20000,1,25000,"0,2",,1,,,,3,45000,1,30,2,30,2,15,,,1,2,1,1,2,AVES,1,2,2,2,2,2,1,,1,,1,25000,1,1,Sicredi,1,2,1,1,2,1,1,2,3,2,2,3,3,2,3,3,1,1,1,,2,Planta em lugares mais altos,2,irrigação,2,estufas,1,,2,inseticida,2,Fungicida,1,,1,,1,,1,3,2,1,1,1,1,1,1,1,1,1,,1,Verões cada vez mais quentes,,2,1,1,2,1,1,2,100%,,
172,Feliz,6/mar,1,2,1,49,2,4,1,40,1,"0,5",8000,1,25000,,,,,,,"1,5",33000,1,38,1,20,,,,,2,2,2,1,2,,2,2,2,2,2,2,2,,,2,2,,,2,,1,2,2,1,2,1,1,2,2,2,2,2,2,2,2,2,2,2,1,,1,,2,irrigação,1,,1,,1,,1,,1,,1,,1,,1,2,3,2,1,1,1,2,2,1,2,2,,3,,3,2,3,1,3,1,6,2,100,,
173,Feliz,6/mar,1,3,1,42,2,5,2,10,2,,,"0,5",10000,,,,,,,"0,5",10000,,,,,,,,,2,2,2,2,2,,2,2,2,2,2,2,2,,,3,2,,,2,,1,2,2,1,2,1,1,2,3,2,1,3,2,3,3,3,3,2,1,,1,,1,,1,,1,,2,inseticida,2,Fungicida,1,,1,,1,,1,2,3,2,2,2,2,2,2,2,2,2,,3,,1,2,1,1,3,1,6,1,80%,,
174,São Jose do Hortêncio,6/mar,1,2,1,63,2,2,2,55,1,1,40000,"1,5",30000,,,,,,,"2,5",70000,1,39,1,45,4,20,,,2,2,2,2,2,,1,2,1,2,1,2,2,,4,,1,30000,1,1,sicredi,1,2,2,1,1,2,1,2,3,1,1,3,2,2,3,3,3,2,1,,1,,2,irrigação,2,estufas,1,,2,inseticida,2,Fungicida,2,corta vento,1,,1,,1,3,3,1,1,1,1,1,1,1,2,1,,1,Verões cada vez mais quentes,,2,1,1,3,1,4,2,100%,,
175,São Jose do Hortêncio,6/mar,1,3,1,52,2,4,2,40,1,"0,5",20000,1,20000,"0,1",,"0,4",,"0,5",,"2,5",40000,1,40,1,30,1,5,,,1,2,2,1,2,,1,2,2,2,2,2,1,,1,,2,,,1,"sindicato, sicredi",1,2,1,1,1,2,2,2,4,1,1,4,3,3,2,3,4,4,1,,1,,2,irrigação,2,estufas,1,,2,inseticida,2,Fungicida,1,,1,,1,,1,3,2,2,1,1,2,1,2,1,2,2,,1,"enchentes, veranicos",,2,1,1,2,1,6,2,100%,,
176,B.P,1/abr,2,2,2,47,2,5,2,32,1,1,35000,1,30000,,,,,"0,5",,"2,5",65000,1,30,1,30,,,,,2,2,2,1,2,aves,2,2,2,2,2,2,2,,,3,2,,,2,,1,2,1,1,2,1,1,2,2,3,2,3,3,2,2,3,3,2,1,,1,,2,irrigação,1,,1,,1,,1,,1,,1,,1,,1,3,3,1,1,1,2,1,2,1,2,1,,1,"ENCHENTES, CALOR CADA VEZ MAIOR",,3,3,3,3,1,6,2,100%,,
177,B.P,1/abr,2,4,2,35,2,6,2,20,2,"0,5",20000,1,34000,"0,2",,"0,3",,,,2,54000,2,13,1,10,2,10,,,1,1,1,1,2,AVES,1,2,1,2,2,2,1,,2,,1,20000,6,1,"SICREDI, SINDICATO",1,1,1,1,2,1,2,2,3,3,2,2,2,1,1,2,2,2,1,,1,,1,,1,,1,,1,,1,,1,,1,,1,,1,2,2,2,2,2,2,2,2,2,2,2,,5,,4,3,3,3,3,1,6,2,100%,,
178,Salvador do Sul,5/mar,1,2,1,59,2,3,2,50,1,,,1,30000,,,1,,,,2,30000,2,30,1,30,,,,,2,2,2,2,2,,2,2,2,2,2,2,2,,,3,2,,,2,,1,1,1,1,2,1,2,2,4,1,1,4,2,2,4,4,3,2,1,,1,,1,,1,,1,,2,inseticida,2,Fungicida,2,Corta vento,1,,1,,1,3,3,1,1,1,2,2,2,1,2,2,,2,enchentes,,2,2,3,3,1,5,2,100%,,
179,Feliz,24/fev,1,4,1,58,2,3,2,46,1,,,1,40000,,,,,,,1,40000,1,35,1,20,,,,,2,2,2,2,2,,2,2,2,2,2,2,2,,,3,2,,,2,,1,2,1,1,2,1,1,2,3,2,2,3,3,3,3,3,3,3,1,,1,,2,irrigação,1,,1,,1,,1,,1,,1,,1,,1,2,2,2,1,1,2,2,2,2,2,2,,3,,1,2,3,1,3,1,6,2,100%,,
180,Feliz,13/mar,1,1,1,70,2,2,4,62,1,,,"0,8",10000,"0,2",,,,,,1,10000,,,,,,,,,2,2,1,1,2,,2,2,2,2,2,2,2,,,3,2,,,2,,1,2,2,1,2,1,1,2,2,2,2,2,2,2,3,2,2,2,1,,1,,1,,1,,1,,1,,2,Fungicida,1,,1,,1,,1,2,3,2,2,2,2,2,2,2,2,2,,5,,1,2,1,1,2,1,4,2,100%,,
181,B.P,13/mar,1,3,1,40,2,5,1,35,1,"0,5",15000,"1,5",35000,,,,,,,2,50000,1,30,1,30,2,10,,,2,2,2,1,2,,1,2,2,2,2,2,1,,4,,2,,,1,,1,1,1,1,2,1,1,2,2,2,2,2,2,2,2,2,2,2,1,,1,,1,,1,,1,,1,,1,,1,,1,,1,,1,3,3,3,2,2,2,2,2,2,2,2,,5,,1,2,3,1,3,1,4,2,100%,,
182,S.S.C,12/mar,1,3,1,44,2,4,2,28,1,2,45000,"1,5",28000,,,,,,,"3,5",73000,3,25,2,25,4,16,,,2,2,2,1,2,,1,2,1,2,2,2,1,,4,,1,20000,1,2,,1,1,1,1,2,1,1,2,3,3,3,3,3,2,2,3,2,2,1,,1,,2,irrigação,2,estufas,1,,2,inseticida,2,Fungicida,2,Corta vento,1,,1,,1,4,3,1,1,1,1,1,1,1,2,1,,1,enchentes; verões cada vez mais quentes,,2,1,1,2,1,2,2,100%,,
183,S.S.C,12/mar,1,3,1,54,2,5,2,42,1,"1,8",35000,2,45000,"0,5",,"0,5",,"0,5",,"4,3",80000,2,40,1,40,2,18,,,1,1,2,1,2,,1,2,2,2,2,2,1,,2,,2,,,2,,1,2,1,1,2,1,1,2,2,1,1,2,1,1,1,1,1,1,1,,1,,2,irrigação,1,,1,,1,,1,,1,,1,,1,,1,2,3,1,1,1,1,1,2,1,2,2,,2,"enchentes, veranicos",,3,3,3,3,1,4,2,100%,,
184,Feliz,8/mar,1,3,1,30,2,6,2,12,1,1,40000,2,40000,,,,,,,3,80000,1,10,1,10,2,10,,,2,2,2,2,2,,1,2,2,2,2,2,1,,3,,1,20000,6,1,sicredi,1,1,1,2,2,1,1,1,3,2,1,3,4,3,4,4,4,3,1,,1,,2,irrigação,2,estufAS,2,ESTUFAS,2,inseticida,2,Fungicida,2,Corta vento,1,,1,,1,3,3,1,1,1,2,1,2,1,2,1,,1,secas,,2,3,1,3,1,6,2,100%,,
185,S.S.C,4/mar,1,2,1,28,2,6,1,10,1,3,50000,,,"0,5",,"0,5",,,,4,50000,2,10,1,10,1,5,,,1,1,1,1,2,aves,1,2,2,2,2,2,1,,3,,2,,,2,,1,2,1,1,2,1,1,2,3,2,2,3,3,2,3,2,2,2,1,,1,,2,irrigação,1,,1,,2,inseticida,2,Fungicida,1,,1,,1,,1,4,3,1,1,1,1,1,2,1,2,2,,1,veranicos,,2,1,1,3,1,6,2,100%,,
186,Barão,26/mar,1,5,1,48,2,4,2,33,1,"1,5",20000,"0,5",10000,"0,3",,"0,2",,"0,4",,"2,9",30000,1,30,1,30,,,,,1,2,2,2,2,,1,2,2,2,2,2,1,,3,,2,,,2,,1,2,1,1,2,1,1,2,2,2,2,2,2,2,2,2,2,2,1,,1,,1,,1,,1,,1,,1,,1,,1,,1,,1,2,3,2,1,2,2,2,2,1,2,2,,2,veranicos,,1,2,1,3,1,4,2,100%,,
187,Pareci Novo,1/abr,1,3,1,38,2,5,2,20,1,1,30000,1,35000,"0,2",,"0,8",1000,"0,2",,"3,2",66000,2,20,1,5,2,10,,,2,1,2,1,2,,1,2,1,2,2,2,1,,3,,1,18000,6,1,sicredi,1,1,1,1,2,1,2,2,3,3,2,3,3,3,3,3,3,3,1,,1,,2,irrigação,2,estufas,2,ESTUFAS,2,inseticida,2,Fungicida,2,Corta vento,1,,1,,1,3,3,1,1,1,1,1,2,1,2,2,,1,enchentes fora de época,,2,1,1,3,1,6,2,100%,,
188,Montenegro,25/mar,1,4,1,42,2,5,2,30,2,"0,5",25000,,,,,,,,,"0,5",25000,,,,,,,,,2,2,2,2,2,aves,2,2,2,2,2,2,2,,,2,2,,,2,,1,2,2,1,2,1,1,2,3,2,1,2,1,1,1,1,1,1,1,,1,,1,,1,,1,,1,,1,,1,,1,,1,,1,2,3,2,2,2,2,2,2,2,2,2,,3,,1,3,3,3,3,2,4,1,60%,,
189,Feliz,2/mar,1,3,1,48,2,4,2,30,1,"1,5",30000,1,28000,,,"0,4",,"0,1",,3,58000,1,20,1,20,,,,,2,2,2,1,2,,1,2,1,2,2,2,1,,4,,2,,,2,,1,2,1,1,2,1,1,2,2,2,2,3,2,2,3,2,3,2,1,,1,,2,irrigação,1,,1,,1,,1,,1,,1,,1,,1,2,3,2,1,1,2,2,2,1,2,2,,5,,,2,3,1,3,1,4,2,100%,,
190,Vale Real,7/mar,1,2,1,60,2,2,2,51,1,"0,5",10000,1,20000,"0,2",,"0,5",,"0,2",,"2,4",30000,1,45,2,30,1,5,,,1,2,1,1,1,,2,2,2,2,2,2,2,,,2,1,,1,2,,1,2,2,1,2,1,1,2,3,1,1,3,1,1,3,3,3,2,1,,1,,1,,2,estufas,1,,1,,2,Fungicida,1,,1,,1,,1,2,2,2,1,2,2,1,2,1,2,2,,2,veranicos,,2,2,1,1,1,2,2,100%,,
191,Alto Feliz,1/mar,1,3,1,49,2,3,2,35,1,"0,8",20000,1,20000,,,,,,,"1,8",40000,1,20,1,17,2,10,,,2,2,2,2,2,,2,2,2,2,2,2,2,,,2,2,,,2,,1,2,2,1,1,1,1,2,3,2,2,3,2,3,3,3,3,3,1,,1,,2,irrigação,1,,1,,2,inseticida,2,Fungicida,2,Corta vento,1,,1,,1,2,3,2,1,1,2,1,2,1,2,1,,5,,,3,3,3,3,1,4,2,100%,,
192,B.P,8/mar,1,3,1,44,2,4,2,30,1,"0,5",30000,"0,8",28000,"0,5",,"0,2",,,,2,58000,1,20,1,20,,,,,2,2,2,2,2,,1,2,1,2,2,2,1,,3,,1,20000,6,1,"sindicato, sicredi",1,2,1,1,2,1,2,2,3,1,2,3,1,1,2,2,2,2,1,,1,,2,irrigação,1,,1,,2,inseticida,2,Fungicida,1,,1,,1,,1,3,3,2,1,1,2,1,1,1,2,2,,5,,,2,1,1,2,1,1,2,100%,,
193,B.P,4/mar,1,2,1,39,2,6,1,21,2,"0,3",18000,"0,4",10000,"0,1",,"0,2",,,,1,28000,,,,,,,,,1,2,2,1,2,,2,2,2,2,2,2,2,,,2,2,,,2,,1,2,1,1,2,1,1,2,2,2,2,3,2,2,3,3,2,3,1,,1,,1,,1,,1,,1,,1,,1,,1,,1,,2,1,3,3,2,2,2,2,2,2,2,2,,4,,1,2,2,3,3,2,6,1,80%,,
194,B.P,4/mar,2,3,2,35,2,6,2,20,1,"0,5",20000,"0,5",20000,,,,,,,1,40000,1,20,2,20,1,10,,,2,2,2,2,2,,2,2,2,2,2,2,2,,,2,2,,,2,,1,1,1,2,2,1,2,1,3,2,1,3,2,3,3,3,3,2,1,,1,,2,irrigação,2,estufas,1,,2,inseticida,2,Fungicida,1,,1,,1,,1,4,3,1,1,1,1,1,1,1,2,1,,1,"verões com calores extremos, enchentes fora de época, secas",,2,1,1,3,1,6,2,100%,,
195,São Vendelino,15/mar,2,2,2,31,2,8,2,10,1,"1,5",30000,2,28000,,,"0,4",,"0,1",,4,58000,2,15,1,15,3,8,,,2,2,2,2,2,,1,2,2,2,2,2,1,,2,,2,,,2,,1,2,1,2,2,1,1,1,2,2,2,3,2,2,3,3,3,2,1,,1,,1,,2,estufas,1,,1,,1,,2,,1,,1,,1,3,3,2,1,2,2,1,2,1,2,2,,5,,,2,3,1,3,2,6,2,100%,,
196,Feliz,11/mar,1,4,1,28,2,7,1,9,1,"0,3",10000,"0,5",15000,,,"0,1",,"0,1",,1,25000,1,20,1,15,,,,,2,2,2,2,2,,1,2,2,2,2,2,1,,4,,1,12000,4,2,,1,2,1,1,2,1,2,2,3,1,1,4,2,2,2,4,3,2,1,,1,,1,,1,,2,inseticida,2,fungucida,1,,1,,1,,1,,1,2,3,2,1,2,2,1,2,2,2,1,,5,,,2,1,1,2,2,6,2,100%,,
197,B.P,26/mar,1,3,1,40,2,5,1,28,1,,,"0,6",10000,,,,,,,"0,6",10000,,,,,,,,,2,2,2,2,2,,2,2,2,2,2,2,2,,,2,2,,,2,,1,2,1,1,2,1,1,2,2,2,1,2,2,1,1,1,1,1,1,,1,,1,,1,,1,,1,,1,,1,,1,,1,,1,2,3,2,2,2,2,2,2,2,2,2,,5,,1,3,3,1,3,1,6,2,100%,,
198,B.P,26/mar,1,2,1,39,2,4,1,20,2,"0,4",15000,"0,6",18000,,,,,,,1,33000,,,,,,,,,1,2,2,1,2,,2,2,2,2,2,2,2,,,2,2,,,2,,1,2,2,1,2,1,1,2,1,1,1,2,1,1,1,2,2,1,1,,1,,1,,1,,1,,1,,1,,1,,1,,1,,1,2,2,3,2,2,2,2,2,2,2,2,,5,,4,2,1,3,3,1,5,2,100%,,
199,Feliz,20/mar,1,5,1,57,2,4,2,47,1,1,20000,"0,5",30000,"0,2",,"0,2",,"0,1",,2,50000,2,30,1,30,1,15,,,1,1,2,1,2,,1,2,1,2,2,2,2,,4,,2,,,2,,1,2,1,1,2,1,1,2,2,2,2,2,2,2,2,2,2,2,1,,1,,2,irrigação,1,,1,,2,Inseticida,2,Fungicida,1,,1,,1,,1,3,3,2,1,1,2,1,2,1,2,1,,1,enchentes,,2,1,1,3,1,6,2,100%,,
200,B.P,11/mar,1,4,1,49,2,4,2,35,1,1,25000,"0,5",20000,"0,5",,1,,,,3,45000,2,30,2,15,1,4,,,1,2,2,2,2,,1,2,1,1,2,2,1,,4,,1,15000,6,1,Sindicato; Sicredi,1,2,1,1,2,1,1,2,3,2,1,3,3,2,2,3,3,3,1,,1,,2,irrigação,2,estufas,1,,1,,1,,1,,1,,1,,1,3,3,1,1,1,2,1,2,1,1,2,,5,,,2,3,1,3,1,4,2,100%,,
201,B.P,11/mar,1,4,1,42,2,3,2,23,1,"0,7",20000,"0,3",10000,,,,,,,1,30000,1,20,1,20,,,,,2,2,2,2,2,,2,2,2,2,2,2,2,,,2,2,,,1,Sindicato; Sicredi,1,2,1,1,2,1,1,2,3,2,2,3,3,3,3,3,3,3,1,,1,,2,irrigação,1,,1,,2,Inseticida,1,,1,,1,,1,,1,2,2,2,1,2,2,2,2,1,2,2,,5,,1,2,2,1,2,1,4,2,100%,,
202,Feliz,4/mar,1,5,1,46,2,4,2,30,1,"0,4",15000,1,23000,,,,,,,"1,4",38000,1,20,1,20,2,10,,,2,2,2,2,2,,1,2,2,2,2,2,1,,2,,2,,,2,,1,2,1,1,1,1,2,2,3,3,2,3,2,2,3,3,3,2,1,,1,,2,irrigação,1,,1,,2,Inseticida,2,Fungicida,1,,1,,1,,1,2,3,1,1,2,2,1,2,1,2,2,,1,secas,,3,1,1,2,1,4,2,100%,,
203,B.P,4/mar,1,3,1,40,2,3,2,25,2,"0,5",15000,"0,5",10000,"0,2",,"0,2",,"0,1",,"1,5",25000,1,10,1,10,,,,,1,2,2,1,1,,2,2,2,2,2,2,2,,,2,2,,,2,,1,2,2,1,1,1,1,2,2,1,1,2,1,1,1,1,1,1,1,,1,,2,irrigação,1,,1,,2,Inseticida,1,,1,,1,,1,,1,2,3,2,1,2,2,2,2,1,2,2,,5,,,2,1,1,3,1,1,2,100%,,
204,Pareci Novo,21/fev,1,3,1,41,2,4,2,20,1,"0,8",20000,"0,2",5000,,,,,,,1,25000,1,10,,,,,,,2,2,2,2,2,,2,2,2,2,2,2,2,,,2,2,,,2,,1,2,2,1,1,1,1,2,2,2,2,3,2,2,3,3,4,3,1,,1,,1,,1,,1,,2,Inseticida,2,Fungicida,1,,1,,1,,1,2,2,2,1,2,2,1,2,1,2,2,,2,"SECAS, CALOR EXTREMO",,2,2,2,1,1,4,2,100%,,
205,Feliz,15/mar,1,4,1,32,2,6,1,6,4,1,25000,1,20000,"0,3",,"0,5",,"0,2",,3,45000,2,20,2,20,4,15,,,1,1,1,2,1,,1,2,1,1,2,2,1,,4,,2,,,1,sindicato,1,2,1,1,2,1,1,2,2,1,1,2,2,3,3,2,1,1,1,,1,,2,Irrigação,2,estufas,1,,2,Inseticida,2,Fungicida,2,Corta vento,1,,1,,1,3,3,1,1,1,1,1,2,1,1,1,,1,enchentes fora de época,,2,1,1,3,1,1,2,100%,,
206,Feliz,15/mar,1,2,1,39,2,5,2,21,1,"0,2",,"1,8",40000,"0,3",,"0,2",,"0,2",,"2,7",40000,1,20,1,10,2,15,,,1,2,1,1,2,,1,2,2,2,2,2,1,,2,,1,20000,1,2,,1,2,1,1,1,1,1,2,3,3,2,3,2,3,3,3,3,3,1,,1,,2,Irrigação,2,estufas,2,ESTUFAS,2,Inseticida,2,Fungicida,1,,1,,1,,1,3,3,1,1,2,2,1,1,1,2,1,,1,enchentes,,2,1,1,1,1,4,2,100%,,
207,S.S.C,14/mar,1,5,1,62,2,2,2,50,1,,,"0,5",10000,"0,1",,"0,4",,"0,2",,"1,2",10000,,,,,,,,,2,2,2,2,2,,2,2,2,2,2,2,2,,,2,2,,,2,,1,2,2,1,1,2,1,2,2,1,1,2,1,1,2,1,2,1,1,,1,,1,,1,,1,,2,Inseticida,1,,1,,1,,1,,1,2,3,2,2,2,2,2,2,2,2,2,,5,,,2,2,1,2,1,4,1,40%,,
208,S.S.C,14/mar,1,2,1,64,2,2,2,55,1,"0,5",10000,"0,5",15000,"0,2",,"0,2",,"0,1",,"1,5",25000,,,,,,,,,1,2,2,1,2,,2,2,2,2,2,2,2,,,2,2,,,2,,1,2,2,1,1,2,1,2,3,2,2,3,3,3,3,4,2,3,1,,1,,1,,1,,1,,1,,1,,1,,1,,1,,1,2,3,3,2,2,2,2,2,2,2,2,,5,,,2,1,1,2,1,4,2,100%,,
209,B.P,6/mar,1,1,1,58,2,1,4,49,1,,,"0,3",5000,"0,2",,"0,5",,"0,2",,"1,2",5000,,,,,1,15,,,2,2,2,1,2,,2,2,2,2,2,2,2,,,2,2,,,2,,1,2,2,1,1,2,1,2,1,1,1,1,1,1,1,1,1,1,1,,1,,1,,1,,1,,1,,1,,1,,1,,1,,2,1,2,6,2,2,2,2,2,2,2,2,,5,,1,2,3,1,3,1,4,2,100%,,
210,Feliz,15/mar,1,2,1,49,2,2,2,30,1,"0,4",10000,"0,6",25000,"0,1",,"0,4",,,,"1,5",35000,1,30,1,30,2,25,,,1,2,1,1,2,,1,2,1,2,2,2,2,,4,,1,,1,1,sindicato,1,2,2,1,1,2,1,2,3,2,2,4,3,3,3,4,4,3,1,,1,,2,Irrigação,2,estufas,2,ESTUFAS,2,Inseticida,2,Fungicida,1,,1,,1,,1,3,2,1,1,1,2,1,1,1,1,1,,1,Verões cada vez mais quentes,,2,2,3,3,1,1,2,100%,,
211,Feliz,8/mar,2,4,2,52,2,3,2,40,1,"0,5",15000,"0,8",28000,"0,2",,"0,5",,"0,1",,"2,1",43000,2,30,1,30,1,30,,,1,2,2,1,2,,1,2,2,2,2,2,1,,3,,2,,,1,sindicato,1,2,2,1,1,2,1,2,4,1,2,4,4,4,3,4,4,3,1,,1,,2,Irrigação,1,,1,,1,,2,Fungicida,1,,1,,1,,1,2,3,2,1,1,2,2,2,1,2,1,,1,"verões muito quentes, enchentes",,3,3,3,3,1,5,2,100%,,
212,São Jose do Hortêncio,27/mar,1,5,1,38,2,5,2,25,1,3,70000,"3,5",55000,"0,5",,2,,"0,2",,"9,2",125000,4,35,2,30,6,39,,,1,2,2,2,2,,1,2,1,1,1,2,1,,3,,1,20000,6,1,sicredi,1,1,1,1,2,1,1,1,4,3,2,4,3,3,3,4,4,4,1,,2,Planta em lugares mais altos,2,Irrigação,2,estufas,1,,2,Inseticida,2,Fungicida,2,Corta vento,1,,1,,1,4,3,1,1,1,1,1,1,1,1,1,,1,"enchentes, veranicos, verões mais quentes, sol mais forte",,2,1,1,3,1,2,2,100%,,
213,B.P,2/abr,1,2,1,50,2,4,2,30,1,"0,3",10000,1,30000,,,"0,2",,,,"1,5",40000,1,30,1,30,,,,,1,2,1,2,2,,2,2,2,2,2,2,2,,,2,2,,,2,,1,2,2,1,2,1,1,2,3,3,2,3,2,2,2,3,4,3,1,,1,,2,Irrigação,1,,1,,1,,1,,1,,1,,1,,1,3,3,1,1,1,2,2,2,1,2,2,,5,,,3,3,3,3,1,4,2,100%,,
214,Feliz,2/abr,1,2,1,57,2,3,2,42,1,"0,5",10000,1,20000,"0,2",,"0,3",,,,2,30000,1,30,1,30,2,8,,,1,2,2,1,2,,1,2,1,2,2,2,1,,4,,2,,,2,,1,2,1,1,2,1,1,2,3,1,1,3,2,3,3,3,3,3,1,,1,,2,Irrigação,2,estufas,1,,2,Inseticida,2,Fungicida,1,,1,,1,,1,3,3,2,1,1,2,1,2,2,2,2,,1,veranicos,,2,2,3,3,1,2,2,100%,,
215,Feliz,20/mar,1,3,1,44,2,4,2,28,1,2,50000,"1,3",25000,"0,5",,"0,3",,"0,2",,"4,3",75000,2,20,1,17,2,14,,,1,2,1,1,2,aves,1,2,1,2,2,2,1,,3,,1,15000,1,1,sicredi,1,1,1,1,2,1,1,2,4,1,2,4,3,3,4,4,4,2,1,,1,,1,,1,,1,,2,Inseticida,2,Fungicida,1,,1,,1,,1,2,3,2,1,2,2,1,2,2,2,2,,2,enchentes,,3,2,3,1,1,4,2,100%,,
216,Feliz,18/mar,1,4,1,46,2,4,2,30,1,"0,6",20000,"0,4",10000,,,,,,,1,30000,1,20,1,20,,,,,2,2,2,2,2,,2,2,2,2,2,2,2,,,2,2,,,2,,1,2,2,1,2,1,1,2,2,2,1,2,2,2,1,2,1,1,1,,1,,1,,1,,1,,1,,1,,1,,1,,1,,1,2,3,2,1,2,2,2,2,1,2,2,,5,,,3,3,3,3,1,4,1,70%,,
217,B.P,19/mar,1,2,1,35,2,6,2,13,1,"1,5",30000,1,20000,,,,,,,"2,5",50000,1,20,1,20,,,,,2,2,2,2,2,,2,2,2,2,2,2,2,,,2,2,,,2,,2,2,2,2,2,2,2,2,3,3,2,3,2,3,3,3,3,3,1,,1,,2,Irrigação,1,,1,,2,Inseticida,1,,1,,1,,1,,1,2,3,2,1,2,1,2,2,1,2,2,,2,ENCHENTES,,2,1,1,2,1,4,2,100%,,
218,B.P,11/mar,1,3,1,54,2,4,2,32,1,"0,6",10000,"0,4",10000,"0,2",,"0,3",,,,"1,5",20000,,,,,,,,,1,1,1,1,1,Aves,2,2,2,2,2,2,2,,,2,2,,,2,,1,1,1,1,2,1,1,2,3,2,2,3,2,2,2,3,3,2,1,,1,,1,,1,,1,,2,Inseticida,1,,1,,1,,1,,1,2,3,2,1,2,2,2,2,1,2,2,,5,,,2,3,1,3,1,4,1,40%,,
219,B.P,11/mar,1,2,1,52,2,4,2,30,1,"0,5",25000,"0,5",25000,"0,2",,"0,3",,"0,1",,"1,6",50000,2,25,2,20,4,10,,,2,2,2,2,2,,1,2,1,1,2,2,1,,4,,1,20000,4,1,Sindicato,1,2,1,2,2,1,1,1,4,1,2,4,3,3,4,4,4,4,1,,1,,2,Irrigação,2,estufas,1,,2,Inseticida,2,Fungicida,1,,1,,1,,1,3,3,1,1,1,1,1,2,1,1,1,,1,enchentes fora de época,,2,1,1,1,1,2,2,100%,,
220,B.P,11/mar,1,3,1,48,2,3,2,30,1,1,25000,,,,,,,,,1,25000,1,20,1,20,,,,,2,2,2,2,2,,2,2,2,2,2,2,2,,,2,2,,,1,Sindicato,1,2,2,1,2,1,1,2,4,2,2,2,2,2,2,2,2,2,1,,1,,1,,1,,1,,2,Inseticida,2,Fungicida,1,,1,,1,,1,2,3,1,1,2,1,1,2,1,2,2,,5,,,2,2,3,2,1,4,2,100%,,
221,B.P,11/mar,1,4,1,39,2,5,2,20,1,1,20000,1,25000,,,,,,,2,45000,1,20,1,20,2,10,,,1,2,2,1,2,,1,2,2,2,2,2,1,,4,,2,,,2,,1,2,2,1,2,1,1,2,3,2,2,3,2,3,3,2,2,2,1,,1,,2,açucar,1,,1,,1,,1,,1,,1,,1,,1,2,3,2,2,2,2,2,2,2,2,2,,3,,1,1,2,2,1,1,4,2,100%,,
222,B.P,6/mar,1,3,1,37,2,5,1,12,1,1,35000,,,"0,2",,"0,3",,"0,1",,"1,6",35000,1,12,1,12,2,12,,,1,2,2,2,2,,1,2,2,2,2,2,1,,3,,2,,,1,SINDICATO,1,2,1,2,2,1,1,1,3,1,1,3,2,2,3,4,3,4,1,,1,,2,Irrigação,2,estufas,2,ESTUFAS,2,Inseticida,2,Fungicida,1,,1,,1,,1,3,3,1,1,1,2,1,2,1,2,1,,2,enchentes,,2,2,1,2,1,1,2,100%,,
223,São Vendelino,28/mar,1,2,1,44,2,4,2,20,2,"0,8",28000,"0,2",10000,,,,,,,1,38000,,,,,,,,,2,2,2,2,2,,1,2,1,2,2,2,2,,2,,1,10000,1,2,,1,2,2,1,2,1,1,2,3,1,2,4,2,2,2,4,2,2,1,,1,,1,,1,,1,,2,Inseticida,2,Fungicida,1,,1,,1,,1,2,2,2,1,2,2,2,2,1,2,2,,3,,1,2,2,1,3,1,4,1,60%,,
224,São Vendelino,28/mar,1,3,1,50,2,3,2,38,1,"1,5",40000,1,15000,"0,4",,"0,5",1500,"0,1",,"3,5",56500,2,40,1,31,3,25,,,1,1,1,1,1,,1,2,1,1,2,2,1,,4,,1,20000,4,1,Sicredi,1,2,1,1,1,1,2,2,4,1,1,4,1,2,2,4,3,2,1,,1,,2,Irrigação,2,estufas,1,,1,,1,,1,,1,,1,,1,2,3,1,1,1,1,1,2,1,2,1,,1,"secas, veranicos, enchentes",,2,1,1,2,1,1,2,100%,,
225,São Vendelino,28/mar,1,4,1,53,2,2,2,42,1,2,39000,1,25000,"0,3",,"0,5",,"0,2",,4,64000,1,30,2,30,1,20,,,1,2,1,1,2,,1,2,2,2,2,2,1,,4,,2,,,1,sindicato,1,2,2,1,1,2,1,2,3,1,1,3,2,1,3,3,3,1,1,,1,,2,Irrigação,1,,1,,1,,2,Fungicida,1,,1,,1,,1,2,3,2,1,2,2,2,2,1,2,2,,3,,,1,2,2,3,1,4,2,100%,,
226,São Vendelino,28/mar,1,1,1,60,2,2,4,51,1,"0,5",10000,"0,5",8000,"0,2",,"0,3",,,,"1,5",18000,,,,,1,20,,,1,2,1,1,2,,2,2,2,2,2,2,2,,,2,2,,,2,,1,2,2,1,1,2,1,2,3,1,1,2,2,2,2,3,3,3,1,,1,,1,,1,,1,,1,,1,,1,,1,,1,,1,2,2,3,2,2,2,2,2,2,2,2,,5,,1,2,1,1,1,1,4,2,100%,,
227,Feliz,13/mar,1,3,1,45,2,3,2,30,1,1,30000,1,20000,,,,,,,2,50000,1,25,1,25,1,25,,,1,2,2,1,2,,1,2,2,2,2,2,1,,4,,2,,,2,,1,2,2,1,1,1,2,2,3,1,1,3,3,3,4,4,3,3,1,,1,,2,Irrigação,2,Estufas,2,ESTUFAS,2,Inseticida,2,Fungicida,1,,1,,1,,1,3,3,1,1,2,1,2,2,1,2,2,,1,enchentes,,2,2,1,1,1,2,2,100%,,
228,Feliz,13/mar,1,4,1,44,2,3,2,30,1,,,1,30000,"0,5",,"0,5",,"0,1",,"2,1",30000,1,28,1,28,,,,,1,1,1,1,2,,1,2,1,2,1,2,1,,2,,1,20000,1,1,sindicato,1,2,2,1,1,1,1,2,3,2,3,3,3,3,3,4,3,2,1,,1,,2,Irrigação,1,,1,,1,,2,Fungicida,1,,1,,1,,1,3,3,1,1,1,1,2,2,1,2,1,,1,veranicos,,2,3,3,3,1,5,2,100%,,
229,São Vendelino,5/mar,1,2,1,57,2,2,2,35,1,"0,8",25000,"0,2",10000,,,,,,,1,35000,1,30,1,35,,,,,2,2,2,2,2,,2,2,2,2,2,2,2,,,2,2,,,2,,1,2,2,1,1,2,1,2,3,1,1,2,1,1,2,3,3,2,1,,1,,1,,1,,1,,1,,1,,1,,1,,1,,1,2,3,2,1,2,2,2,2,1,2,2,,3,,,2,1,1,2,1,4,2,100%,,
230,B.P,7/mar,1,3,1,40,2,3,2,28,1,1,30000,"0,8",20000,"0,3",,"0,5",1000,"0,2",,"2,8",51000,1,28,2,28,3,15,,,1,2,1,2,1,,1,2,2,2,2,2,1,,4,,2,,,1,sicredi,1,2,1,1,1,1,1,2,3,3,1,2,1,2,2,3,3,2,1,,1,,2,Irrigação,2,Estufas,1,,1,,1,,1,,1,,1,,1,3,3,2,1,1,2,1,2,1,2,2,,1,Verões cada vez mais quentes,,2,1,1,2,1,1,2,100%,,
231,B.P,26/mar,1,2,1,52,2,2,2,40,1,"0,8",20000,"0,5",15000,"0,2",,"0,3",,,,"1,8",35000,1,30,2,40,2,25,,,1,2,2,2,1,,2,2,2,2,2,2,2,,,2,1,,6,1,"SICREDI, sindicato",1,2,2,1,1,1,1,2,3,1,2,3,1,3,3,2,1,2,1,,1,,2,Irrigação,1,,2,ESTUFAS,2,Inseticida,1,,1,,1,,1,,1,2,3,2,1,2,2,2,2,1,2,1,,2,secas,,2,3,1,3,1,4,2,100%,,
232,B.P,20/fev,1,3,1,47,2,3,2,30,1,"0,8",30000,2,40000,,,"0,2",,,,3,70000,1,30,1,30,2,25,,,1,2,2,2,2,,1,2,1,2,2,2,1,,2,,1,,6,1,"SICREDI, sindicato",1,2,1,1,1,1,1,2,3,2,2,3,3,3,3,3,2,2,1,,2,Planta em lugares mais altos,2,Irrigação,2,Estufas,1,,1,,1,,1,,1,,1,,1,3,3,1,1,1,1,1,1,1,1,1,,1,sol cada vez mais quente; enchentes fora de época,,2,1,1,1,1,1,2,100%,,
233,B.P,20/fev,1,2,1,52,2,2,2,40,1,1,38000,1,40000,,,,,,,2,78000,1,40,1,40,2,30,,,1,2,2,2,2,,1,2,1,2,2,2,2,,4,,1,20000,1,1,SINDICATO,1,2,2,1,1,2,1,2,2,2,2,2,2,2,2,2,2,2,1,,1,,1,,1,,1,,2,Inseticida,2,Fungicida,1,,1,,1,,1,2,3,2,1,1,2,2,2,1,2,1,,5,,,3,3,3,3,1,4,2,100%,,
234,B.P,15/fev,1,4,1,43,2,2,2,25,1,"0,5",30000,"0,5",30000,"0,3",,"0,2",,"0,1",,"1,5",60000,1,25,1,25,3,25,,,1,2,2,1,2,,2,2,2,2,2,2,2,,,2,2,,,2,,1,2,1,1,1,1,1,2,3,3,1,4,2,3,4,4,4,3,1,,1,,2,Irrigação,2,estufas,1,,1,,1,,1,,1,,1,,1,3,3,2,1,2,2,1,2,1,2,2,,2,ENCHENTES,,2,1,1,2,1,1,2,100%,,
235,São Vendelino,20/fev,1,2,2,62,2,2,2,52,1,,,"0,5",10000,,,,,,,"0,5",10000,,,,,,,,,2,2,2,1,2,,2,2,2,2,2,2,2,,,2,2,,,2,,1,2,2,1,1,2,1,2,1,1,1,2,1,1,2,2,2,1,1,,1,,1,,1,,1,,1,,1,,1,,1,,1,,1,2,2,3,2,2,2,2,2,2,2,2,,5,,1,2,2,1,2,1,4,2,100%,,
236,B.P,21/fev,1,4,1,46,2,3,2,30,1,"0,3",13000,"0,6",20000,"0,1",,"0,3",500,"0,2",,"1,5",33500,2,30,1,30,2,25,,,1,2,1,1,2,,1,2,1,2,2,2,1,,1,,1,,6,1,"SICREDI, sindicato",1,2,2,1,1,1,1,2,4,2,1,3,1,3,3,4,3,2,1,,2,faz canteiros pra plantar mais no alto,2,Irrigação,2,estufas,1,,2,Inseticida,2,Fungicida,1,,1,,1,,1,3,3,1,1,1,1,1,2,1,1,1,,1,enchentes fora de época,,2,1,1,1,1,4,2,100%,,
237,Pareci Novo,26/fev,1,2,1,59,2,1,2,50,1,"0,5",20000,,,"0,2",,"0,3",,,,1,20000,,,1,50,,,,,1,2,1,1,2,,2,2,2,2,2,2,2,,,2,2,,,2,,1,2,2,1,1,2,1,2,3,2,2,3,2,2,2,3,3,3,1,,1,,2,Irrigação,1,,1,,2,Inseticida,2,Fungicida,1,,1,,1,,2,1,,3,2,2,2,2,2,2,2,2,,5,,4,3,3,1,3,1,4,2,100%,,
238,São Jose do Hortêncio,23/fev,1,4,1,43,2,2,2,30,1,1,30000,"1,5",45000,,,"0,5",,"0,1",,"3,1",75000,1,30,2,30,2,30,,,2,2,2,2,2,,1,2,2,2,2,2,1,,3,,1,,1,2,,1,2,2,1,1,1,2,1,3,3,2,3,2,2,1,3,3,3,1,,1,,2,irrigação/açudes,2,estufas,2,ESTUFAS,2,Inseticida,1,,2,Corta vento,1,,1,,1,3,3,1,1,1,1,1,2,1,2,2,,1,calor extremo,,2,1,1,2,1,1,2,100%,,
239,Feliz,5/mar,1,3,1,50,2,2,1,39,2,"0,8",20000,"0,9",28000,"0,1",,"0,1",,"0,1",,2,48000,1,30,1,30,2,30,,,1,2,1,1,2,,1,2,1,2,1,2,1,,4,,1,,1,2,,1,1,1,1,1,1,1,2,4,2,1,3,2,2,3,4,2,3,1,,1,,2,irrigação,1,,1,,1,,2,Fungicida,1,,1,,1,,1,2,1,2,1,2,2,2,2,1,1,2,,2,enchentes fora de época; secas,,3,3,1,3,1,1,2,100%,,
240,B.P,11/mar,1,3,1,45,2,3,2,33,1,"0,4",25000,"0,6",20000,,,,,,,1,45000,1,30,1,28,,,,,2,2,2,2,2,,2,2,2,2,2,2,2,,,2,2,,,1,SICREDI,1,2,1,1,1,1,1,2,3,1,1,3,2,3,3,3,3,2,1,,1,,1,,1,,1,,2,Inseticida,2,Fungicida,1,,1,,1,,1,2,3,2,1,2,2,1,2,1,2,2,,3,,,2,1,1,3,1,4,2,100%,,
241,B.P,4/abr,1,2,1,60,2,2,2,51,1,1,50000,"1,5",30000,"0,3",,"0,5",,"0,2",,"3,5",80000,1,30,,,,,,,1,2,2,1,2,,1,2,2,2,2,2,1,,2,,2,,,2,,1,2,1,1,1,1,1,2,2,2,1,1,1,2,1,1,1,2,1,,1,,1,,1,,1,,1,,1,,1,,1,,1,,1,2,3,3,2,2,2,2,2,2,2,2,,3,,1,2,2,3,3,1,4,2,100%,,
242,B.P,20/mar,1,2,1,63,2,1,2,53,1,2,50000,1,30000,1,,4,,"0,1",,"8,1",80000,2,25,2,40,4,35,,,2,2,1,2,2,,1,2,2,2,2,2,1,,3,,2,,,1,SICREDI,1,2,2,1,1,2,1,2,3,2,2,3,2,3,3,3,3,2,1,,1,,2,Irrigação,2,Estufas,1,,2,Inseticida,2,Fungicida,1,,1,,1,,1,2,3,2,1,1,1,1,2,1,2,2,,1,"enchentes, secas",,2,2,1,2,1,1,2,100%,,
243,B.P,20/mar,1,4,1,47,2,3,2,31,1,1,30000,3,80000,,,"1,5",,,,"5,5",110000,3,28,4,30,5,30,,,2,2,2,2,2,,1,2,1,2,2,2,1,,2,,1,25000,6,1,Sicredi,1,2,1,1,2,1,1,2,3,3,2,3,3,3,3,3,3,3,1,,1,,2,irrigação,2,Estufas,1,,2,Inseticida,2,Fungicida,2,Corta vento,1,,1,,1,3,3,1,1,1,1,1,1,1,1,1,,1,"enchentes, calores extremos",,2,1,1,2,1,2,2,100%,,
244,B.P,20/mar,1,3,1,59,2,3,2,50,1,"0,5",20000,"0,5",30000,,,3,,,,4,50000,1,38,2,45,3,40,,,2,2,2,1,2,,1,2,2,2,2,2,1,,3,,2,,,2,,1,2,2,1,1,1,1,2,3,2,1,3,1,2,2,3,3,3,1,,1,,2,Irrigação,2,Estufas,1,,2,Inseticida,2,Fungicida,2,Corta vento,1,,1,,1,2,3,1,1,1,1,1,2,1,2,2,,2,Verões cada vez mais quentes,,1,2,1,2,1,1,2,100%,,
245,B.P,20/mar,1,2,1,39,2,4,2,25,1,1,25000,"0,5",30000,"0,2",,"0,2",,"0,2",,2,55000,1,12,1,25,,,,,1,2,1,1,2,,1,2,1,2,2,2,1,,4,,2,,,2,,1,2,2,1,2,1,1,2,3,2,2,2,2,2,2,2,2,2,1,,1,,2,irrigação,1,,1,,1,,1,,1,,1,,1,,1,2,3,2,1,1,2,1,2,1,2,1,,1,veranicos,,3,3,3,3,1,1,2,100%,,
246,Feliz,22/mar,1,2,1,52,2,4,2,41,1,"0,8",30000,"0,8",42000,"0,2",,"0,2",,,,2,72000,1,30,1,42,1,25,,,1,1,1,1,2,,2,2,2,2,2,2,2,,,2,1,20000,1,1,"Sindicato, sicredi",1,2,1,1,1,1,1,2,3,3,2,3,3,3,3,3,3,2,1,,1,,2,irrigação,1,,1,,1,,1,,1,,1,,1,,1,2,3,1,1,2,1,1,2,1,2,2,,3,,,2,1,1,3,1,4,2,100%,,
247,Barão,5/mar,1,4,1,46,2,2,2,35,1,"1,5",40000,"1,5",30000,,,,,,,3,70000,2,30,1,35,1,5,,,2,2,2,2,2,,1,2,2,2,2,2,1,,3,,2,,,2,,1,2,2,1,1,2,1,2,4,1,1,4,2,3,4,4,4,3,1,,1,,2,irrigação,1,,1,,2,Inseticida,2,Fungicida,2,Corta vento,1,,1,,1,2,3,1,1,1,2,1,2,1,2,1,,2,veranicos,,2,1,1,3,1,1,2,100%,,
248,B.P,10/mar,1,5,1,54,2,3,2,42,1,2,40000,,,"0,2",,"0,5",,"0,3",,3,40000,2,35,1,42,2,10,,,1,2,2,1,2,,1,2,2,2,2,2,1,,4,,2,,,1,"sindicato, sicredi",1,2,2,1,2,1,1,2,3,2,2,3,2,3,3,3,3,3,1,,1,,2,irrigação,2,Estufas,1,,2,Inseticida,2,Fungicida,1,,1,,1,,1,2,3,1,1,1,2,1,2,1,2,1,,3,,,2,2,3,3,1,4,2,100%,,
249,B.P,28/mar,1,3,1,48,2,3,2,39,2,"0,2",15000,"0,3",20000,"0,2",,"0,5",,"0,3",,"1,5",35000,,,,,,,,,2,2,2,1,2,,2,2,2,2,2,2,2,,,2,2,,,2,,1,2,2,1,1,2,1,2,3,1,1,3,1,3,3,4,4,4,1,,1,,1,,1,,1,,2,Inseticida,1,,1,,1,,1,,1,2,2,2,1,2,2,2,2,1,2,2,,3,,,1,2,3,3,1,4,2,100%,,
250,São Vendelino,27/mar,1,3,1,70,2,3,2,60,1,"0,5",20000,"0,05",1000,"0,4",70000,"0,1",,"0,1",,"1,6",91000,1,33,1,2,1,2,,,1,2,2,2,2,,1,2,1,2,2,2,2,,,3,,,,1,sindicato,1,2,1,1,2,1,1,2,4,3,3,3,2,2,3,3,3,3,1,,1,,1,,1,,1,,1,,1,,1,,1,,1,,1,3,3,2,2,2,1,2,2,2,2,1,,3,,4,3,3,1,3,2,,2,50%,,
251,São Vendelino,27/mar,1,3,1,22,3,4,1,10,1,,,7,30000,,,3,,,,10,30000,1,1,,,,,1,,2,2,1,2,2,,2,2,2,2,2,2,2,,4,2,1,40000,1,2,,1,2,1,1,2,1,1,1,4,2,2,1,1,3,2,4,4,4,1,,1,,1,,1,,1,,2,,2,,1,,1,,1,,1,2,3,2,1,2,2,2,2,1,2,2,,5,,4,3,3,3,3,1,2,2,70%,,
252,São Vendelino,20/mar,1,1,2,23,2,7,1,7,1,"0,5",,"0,5",,3,20000,1,,1,,6,20000,,,,,,,1,32,1,2,2,2,2,,1,2,1,1,2,2,2,,4,,1,18000,6,1,,1,2,2,1,2,1,1,2,3,2,3,3,2,2,2,2,3,4,1,,1,,1,,1,,1,,2,Inseticida,2,tratamento adequado,1,,1,,1,,1,4,3,1,1,2,1,1,2,1,2,1,,1,"secas, chuvas prolongadas, geadas mais intensas e granizo",,1,1,1,1,1,4,1,60%,,
253,B.P,1/abr,1,3,1,34,2,7,3,20,2,,,,,5,,,,,,5,,1,4,,,,,,,2,2,1,1,2,,2,2,2,2,2,2,2,,,2,2,,,1,,1,1,1,2,2,1,1,2,2,3,2,2,1,2,1,2,2,2,1,,2,,1,,1,,1,,2,,1,,1,,1,,2,,1,4,3,4,1,2,1,1,2,1,2,2,,1,enchentes,,3,1,1,2,2,4,1,70%,,
254,B.P,1/abr,3,5,1,24,2,6,1,9,4,,,,,"0,5",10000,"0,5",,1,,2,10000,,,,,,,,,1,2,1,1,2,,2,2,2,2,2,2,2,,,,2,,,2,,1,2,1,1,2,1,1,2,2,1,2,2,2,2,2,3,3,2,1,,1,,1,,1,,1,,1,,1,,1,,1,,1,,2,2,3,2,2,2,1,2,2,2,1,1,,4,,4,2,3,1,3,2,,1,30%,,
255,B.P,3/abr,1,2,2,62,2,3,2,45,4,,,,,"0,5",10000,"0,5",,1,,2,10000,,,,,,,,,1,2,1,1,2,,2,2,2,2,2,2,2,,,,2,,,2,,1,2,1,1,2,1,1,2,2,1,2,2,2,2,2,3,3,3,1,,1,,1,,1,,1,,2,,1,,1,,1,,1,,2,1,3,1,1,2,2,2,2,1,2,2,,1,Enchentes,,1,1,1,3,1,1,1,40%,,
256,B.P,3/abr,1,6,2,24,2,6,1,6,1,,,,,"0,5",10000,"0,5",,1,,2,10000,,,,,,,1,1,1,2,1,1,2,,2,2,2,2,2,2,2,,,2,2,,,2,,1,2,1,2,2,1,1,1,3,2,2,1,1,3,2,2,3,4,1,,1,,1,,1,,1,,2,,2,,1,,1,,1,,2,2,3,2,1,2,2,2,2,1,2,2,,1,ENCHENTES,,1,1,1,3,1,2,1,50%,,
257,São Jose do Hortêncio,5/abr,1,2,1,65,2,4,2,50,1,,,,,,,,,,,,,,,,,,,,,1,2,1,1,2,,2,2,2,2,2,2,2,,,2,2,,,2,,1,2,2,1,2,1,1,1,,,,,,,,,,,,,,,,,,,,,,,,,,,,,,,1,2,3,4,1,2,2,2,2,2,1,2,,1,enchentes,,1,3,3,3,2,6,2,100%,,
258,São Jose do Hortêncio,5/abr,2,2,2,65,2,3,2,35,1,,,2,5000,1,5000,,,,,2,10000,,,,,,,,,2,2,2,2,2,,2,2,2,2,2,2,2,,4,2,2,,,1,sindicato,1,2,2,1,2,1,1,2,2,1,2,1,1,1,1,1,2,1,1,,1,,1,,1,,1,,1,,1,,1,,1,,1,,2,1,3,3,2,2,2,2,2,2,2,2,,3,,4,2,1,1,2,,6,2,100%,,
259,São Jose do Hortêncio,6/abr,1,4,1,39,2,4,2,25,2,1,30000,"0,5",5000,,,1,,,,"2,5",35000,1,9,2,5,19,8,,,2,2,2,2,2,,1,2,2,2,2,2,1,,3,,2,,,1,sindicato,1,1,1,1,2,1,1,1,4,1,2,2,2,2,2,3,3,3,1,,1,,1,,1,,1,,1,,1,,1,,1,,1,,,2,3,5,1,2,2,2,2,1,2,2,,1,veranicos,,2,1,1,2,2,6,2,100%,,
260,Linha Nova,6/abr,1,2,1,50,2,4,2,40,1,,,,,,,,,,,,,1,10,,,,,,,1,2,1,1,2,,1,2,1,2,2,2,2,,1,,2,,,1,,1,2,2,2,2,1,2,2,,,,,,,,,,,1,,1,,1,,1,,1,,1,,1,,1,,1,,1,,1,2,3,1,2,1,2,2,2,2,2,2,,5,,,3,2,1,2,2,,2,100%,,
261,São Jose do Hortêncio,1/abr,1,3,1,44,2,4,2,34,1,,,,,,,,,,,,,,,,,,,,,1,2,1,1,2,,2,2,2,2,2,2,2,,,2,2,,,1,,1,2,2,1,2,1,1,2,1,1,1,1,1,1,1,1,1,1,1,,1,,1,,1,,1,,1,,1,,1,,1,,1,,1,2,3,3,2,2,2,1,2,2,2,2,,4,,4,2,2,1,2,2,6,2,100%,,
262,São Jose do Hortêncio,26/mar,1,2,1,52,2,3,2,40,1,,,,,,,,,,,,,,,,,,,,,1,2,1,2,2,,2,2,2,2,2,2,2,,,2,2,,,2,,1,2,2,1,2,1,1,2,3,3,2,2,2,2,2,2,3,2,1,,1,,1,,1,,1,,1,,1,,1,,1,,1,,2,,3,3,2,2,2,2,2,2,2,2,,5,,,3,3,1,1,2,6,2,100%,,
263,São Vendelino,27/mar,1,3,1,70,2,3,2,60,1,"0,5",20000,"0,5",1000,"0,4",70000,"0,9",,"0,1",,"2,4",91000,1,33,1,2,1,2,2,20,1,2,2,2,2,,1,2,1,2,2,2,1,,3,,,,,1,,1,2,1,1,2,1,1,2,4,3,3,3,2,2,3,3,3,3,1,,1,,1,,1,,1,,1,,1,,1,,1,,1,,1,3,3,2,2,2,1,2,2,2,2,1,,3,,4,3,3,1,3,2,,1,50%,,
264,São Jose do Hortêncio,3/abr,1,3,2,38,2,4,2,18,1,,,,,,,,,,,,,,,,,,,1,3,1,2,2,2,2,,2,2,2,2,2,2,1,,1,2,2,,5,2,,1,2,2,2,2,2,2,2,2,1,3,2,2,2,3,3,2,1,1,,1,,2,açudes,1,,1,,1,,1,,1,,1,,1,,,2,3,1,1,1,2,2,2,2,2,2,,5,,1,1,2,1,2,2,6,1,40%,,
265,São Jose do Hortêncio,28/mar,1,2,1,72,2,2,2,64,1,,,,,,,,,,,,,1,12,,,,,,,1,2,2,2,2,,2,2,2,2,2,2,2,,4,3,2,,7,2,,1,2,2,2,2,2,2,2,2,1,4,4,2,3,2,3,2,2,1,,1,,2,acumulo de água da chuva,1,,1,,1,,1,,1,,1,,1,,1,2,3,2,1,2,2,1,2,2,2,2,,5,,4,1,2,1,2,2,6,1,60%,,
266,B.P,2/abr,1,3,1,42,2,3,2,30,1,20000,,,,,,,,,,1,20000,1,20,,,,,,,1,2,2,2,2,,2,2,2,2,2,2,2,,,2,2,,,2,,1,2,1,1,2,1,2,2,1,1,1,2,1,1,1,2,2,1,1,,1,,1,,1,,1,,1,,1,,1,,1,,1,,1,3,3,1,1,2,2,1,2,1,2,2,,3,,3,1,2,1,2,2,6,2,100%,,
267,B.P,4/abr,1,5,1,50,2,4,2,40,1,"0,5",10000,"0,2",15000,,,,,,,"0,7",25000,2,20,1,30,5,30,,,1,1,2,1,2,,1,2,2,2,2,2,1,,1,,1,20000,6,1,Sindicato,1,2,2,1,1,2,1,2,2,2,2,2,2,2,2,2,2,2,1,,1,,1,,1,,1,,2,Inseticida,2,fungicida,1,,1,,1,,,2,2,2,1,1,2,2,1,1,2,2,,2,enchentes,,1,1,1,2,1,3,2,100%,,
268,B.P,1/abr,1,3,1,43,2,4,2,31,2,,,1,28000,,,,,,,1,28000,1,20,2,20,,,,,1,2,2,2,2,,2,2,2,2,2,2,2,,,2,2,,,2,,1,2,2,1,1,1,2,2,3,2,1,2,1,2,3,3,4,2,1,,1,,2,Irrigação,2,estufas,1,,1,,1,,2,corta vento,1,,1,,1,2,3,1,1,1,2,2,2,1,2,2,,1,geadas mais intensas,,3,3,1,1,2,4,2,100%,,
269,Feliz,29/mar,1,2,1,62,2,2,2,53,1,,,"0,5",25000,"0,2",,"0,3",,,,1,25000,,,,,1,20,,,2,2,2,2,2,,2,2,2,2,2,2,2,,,2,2,,,2,,1,2,2,1,1,2,2,2,1,1,1,1,1,1,1,1,1,1,1,,1,,1,,1,,1,,2,Inseticida,1,,1,,1,,1,,1,2,2,2,1,2,2,2,2,1,2,2,,3,,1,2,2,1,3,2,4,2,100%,,
270,Feliz,28/mar,1,3,1,54,2,5,2,42,1,"1,5",40000,1,50000,,,,,,,"2,5",90000,4,25,2,30,3,40,,,2,2,2,2,2,,1,2,1,2,2,2,1,,2,,2,,,2,,1,2,1,1,2,1,1,2,2,2,2,3,2,3,3,3,3,3,1,,1,,2,Irrigação,2,estufas,1,,2,Inseticida,2,fungicida,1,,1,,1,,1,2,3,1,1,1,1,1,1,1,1,2,,2,"enchentes, verões cada vez mais quentes",,1,1,1,3,1,1,2,100%,,
271,Feliz,30/mar,2,3,2,34,2,6,2,20,1,2,60000,"1,5",40000,,,,,,,"3,5",100000,2,20,"0,1",20,2,15,,,2,2,2,2,2,,2,2,2,2,2,2,2,,,2,2,,,2,,1,2,1,2,2,1,2,1,3,2,2,3,2,3,3,3,3,3,1,,2,planta em lugares mais altos,2,Irrigação,2,estufas,1,,2,Inseticida,2,fungicida,2,corta vento,1,,1,,1,3,3,1,1,1,1,2,2,1,2,2,,1,enchentes,,1,1,1,1,1,6,2,100%,,
272,B.P,30/mar,1,2,1,64,2,2,2,54,1,"0,5",20000,"0,5",10000,,,,,,,1,30000,,,,,,,,,1,2,2,1,2,,2,2,2,2,2,2,2,,,2,2,,,2,,1,2,2,1,1,2,1,2,1,1,1,1,1,1,1,1,1,1,1,,1,,1,,1,,1,,1,,1,,1,,1,,1,,1,2,2,2,2,2,2,2,2,2,2,2,,5,,,3,3,3,3,1,4,2,100%,,
273,Alto Feliz,5/mar,1,4,1,49,2,5,2,35,2,1,45000,2,50000,,,,,,,3,95000,1,25,"0,1",20,,,,,2,2,2,2,2,,2,2,2,2,2,2,2,,,2,2,,,2,,1,2,1,1,2,1,2,2,2,2,2,3,2,3,3,3,3,3,1,,1,,1,,1,,1,,2,Inseticida,2,agrotóxicos,1,,1,,1,,1,2,3,2,1,2,2,2,2,1,2,1,,1,"verões cada vez mais quentes, geadas muito intensas",,2,1,1,2,1,3,2,100%,,
274,Feliz,30/mar,1,3,2,48,2,3,2,30,1,,,1,20000,"0,5",,,,,,"1,5",20000,1,25,,,,,,,2,2,2,1,2,,2,2,2,2,2,2,2,,,2,2,,,2,,1,2,2,1,2,1,1,2,1,1,1,1,1,1,1,1,1,1,1,,1,,1,,1,,1,,1,,1,,1,,1,,1,,2,1,,6,3,2,2,2,2,2,2,2,,5,,,3,3,3,3,1,4,2,100%,,
275,S.S.C,31/mar,1,4,1,56,2,4,2,50,1,2,60000,2,45000,"0,5",,"0,5",,,,3,105000,1,25,2,20,1,10,,,2,2,1,2,2,PEIXES,1,2,2,2,2,2,1,,2,,1,20000,6,1,Sicredi,1,2,1,1,1,1,1,2,3,1,1,3,3,3,3,3,3,3,1,,1,,2,Irrigação,2,estufas,1,,2,agrotoxios,2,agrotóxicos,1,,1,,1,,1,2,3,1,1,1,2,1,2,1,2,1,,1,geadas intensas,,1,1,1,3,1,2,2,100%,,
276,São Jose do Hortêncio,31/mar,1,3,1,48,2,4,2,40,1,1,30000,"1,5",45000,,,,,,,"2,5",75000,2,30,"0,3",30,1,30,,,2,2,2,2,2,,2,2,2,2,2,2,2,,,2,2,,,2,,1,2,2,1,1,1,1,2,3,1,1,2,1,1,2,1,2,2,1,,1,,1,,1,,1,,1,,2,fungicida,2,corta vento,1,,1,,1,2,3,1,1,1,2,2,2,1,2,1,,3,,,3,3,1,3,1,3,2,100%,,
277,Vale Real,20/mar,2,5,2,50,2,4,2,40,1,,,1,25000,,,,,,,1,25000,,,,,,,,,2,2,2,2,2,,2,2,2,2,2,2,2,,,2,2,,,2,,1,2,2,1,1,2,1,2,1,1,1,1,1,1,1,1,1,1,1,,1,,1,,1,,1,,1,,1,,1,,1,,1,,1,3,3,2,2,2,2,2,2,2,2,2,,5,,1,1,2,1,3,1,6,1,50%,,
278,B.P,2/mar,1,2,1,58,2,3,1,50,2,"0,5",25000,"0,5",25000,,,,,,,1,50000,1,40,,,,,,,2,2,2,2,2,,2,2,2,2,2,2,2,,,2,2,,,2,,1,2,2,1,1,1,1,2,1,1,1,2,2,2,2,2,2,1,1,,1,,1,,1,,1,,2,agrotoxios,2,agrotóxicos,1,,1,,1,,1,2,2,2,1,2,2,1,2,2,2,2,,2,"enchentes, veranicos",,2,1,1,3,1,4,2,100%,,
279,B.P,30/mar,1,2,1,51,2,1,2,40,1,1,30000,,,,,,,,,1,30000,,,,,,,,,1,2,2,1,2,,1,2,1,2,2,2,2,,4,,2,,,1,Sindicato,1,2,2,1,1,2,1,2,3,3,1,2,1,2,3,3,3,2,1,,1,,1,,1,,1,,1,,1,,1,,1,,1,,1,2,2,2,1,2,2,1,2,2,2,2,,5,,,3,3,1,3,2,6,2,100%,,
280,B.P,8/mar,1,3,1,62,2,3,2,53,1,,,1,10000,,,,,,,1,10000,,,,,,,,,2,2,2,1,2,,2,2,2,2,2,2,2,,,2,2,,,2,,1,2,2,1,1,2,1,2,2,1,1,1,1,1,1,1,2,1,1,,1,,1,,1,,1,,1,,1,,1,,1,,1,,2,1,,3,2,2,2,2,2,2,2,2,,5,,4,2,1,1,3,2,4,2,100%,,
281,Feliz,4/abr,1,4,1,47,2,5,2,30,1,,,1,25000,"0,3",,"0,2",,,,"1,5",25000,1,15,,,,,,,2,2,2,2,2,,2,2,2,2,2,2,2,,,2,2,,,2,,1,2,2,1,2,1,1,2,2,1,1,1,1,2,2,2,1,2,1,,1,,1,,1,,1,,1,,1,,1,,1,,1,,1,2,3,2,1,2,2,1,2,1,2,2,,1,enchentes,,2,1,1,2,1,4,2,100%,,
282,B.P,4/abr,1,3,1,32,2,6,2,20,1,"1,5",40000,1,40000,"0,5",,,,,,3,80000,2,20,5,20,2,20,,,1,2,2,2,2,,2,2,2,2,2,2,2,,,2,2,,,1,"sindicato, sicredi",1,2,2,1,2,1,2,2,2,2,2,2,2,2,2,2,2,2,1,,1,,2,Irrigação,2,estufas,1,,1,,1,,1,,1,,1,,1,2,3,1,1,1,1,1,1,1,1,1,,1,"geadas intensas, calor intenso",,3,2,1,3,1,6,2,100%,,
283,Feliz,6/abr,1,3,1,37,2,6,2,20,1,1,50000,"0,5",25000,,,,,,,"1,5",75000,1,20,3,20,1,20,,,1,2,2,2,2,,1,2,2,2,2,2,1,,4,,1,20000,1,1,sindicato,1,2,2,1,2,2,2,2,1,1,1,2,1,2,2,2,2,1,1,,1,,2,Irrigação,2,estufas,1,,2,agrotoxios,2,agrotóxicos,2,corta vento,1,,1,,1,4,3,1,1,1,1,1,2,1,1,1,,1,"verões cada vez mais quentes, enchentes, geadas intensas",,2,1,1,3,1,6,2,100%,,
284,B.P,5/abr,1,3,1,60,2,2,2,50,1,"0,5",10000,"0,5",20000,,,,,,,1,30000,1,32,,,,,,,2,2,2,2,2,,2,2,2,2,2,2,2,,,3,2,,,2,,1,2,2,1,1,2,1,2,1,1,1,1,1,1,1,1,1,1,1,,1,,1,,1,,1,,1,,1,,1,,1,,1,,2,2,2,3,3,2,2,2,2,2,2,2,,5,,,3,3,1,3,1,4,2,100%,,
285,B.P,31/mar,1,4,1,44,2,4,2,30,2,"0,5",15000,"0,5",10000,,,,,,,1,25000,,,,,,,,,2,2,2,2,2,,2,2,2,2,2,2,2,,,2,2,,,2,,1,2,1,1,2,1,1,2,1,1,1,1,1,1,1,1,1,1,1,,1,,1,,1,,1,,1,,1,,1,,1,,1,,1,2,3,2,1,2,2,2,2,2,2,1,,2,VERÕES CADA VEZ MAIS QUENTES,,3,3,1,3,1,4,1,70%,,
286,B.P,2/abr,1,2,1,52,2,3,2,40,1,1,10000,2,30000,,,,,,,3,40000,1,40,,,,,,,1,2,1,1,2,,2,2,2,2,2,2,2,,,2,2,,,2,,1,2,2,1,1,1,2,2,1,1,1,1,1,1,1,1,1,1,1,,1,,1,,1,,1,,1,,1,,1,,1,,1,,1,2,2,2,2,2,2,2,2,2,2,2,,5,,,3,3,3,3,2,4,2,100%,,
287,Feliz,28/mar,1,3,1,48,2,3,2,35,2,"0,5",10000,"0,5",10000,,,,,,,1,20000,,,,,,,,,2,2,2,2,2,,2,2,2,2,2,2,2,,,2,2,,,2,,1,2,2,1,1,1,1,2,1,1,1,1,1,1,1,1,1,1,1,,1,,1,,1,,1,,1,,1,,1,,1,,1,,2,1,,6,3,2,2,2,2,2,2,2,,5,,1,3,3,1,3,2,6,1,30%,,
288,São Vendelino,4/abr,1,5,1,40,2,4,2,25,1,,,2,50000,"0,5",,"0,5",1000,,,3,51000,1,20,1,10,2,20,,,1,2,1,1,2,,1,2,1,2,2,2,1,,2,,2,,,1,Sindicato,1,2,2,1,1,1,1,2,2,1,2,2,2,2,4,4,2,2,1,,1,,2,Irrigação,2,estufas,1,,1,,2,fungicida,2,corta vento,1,,1,,1,2,3,2,1,2,1,1,2,1,2,1,,1,geadas cada vez mais intensas,,2,1,1,2,1,1,2,100%,,
289,São Vendelino,3/abr,1,2,1,43,2,5,2,30,1,2,60000,1,30000,,,,,,,3,90000,2,20,1,20,5,20,,,2,2,2,1,2,,1,2,2,2,2,2,1,,4,,1,10000,1,2,,1,2,2,1,2,1,1,2,4,1,1,4,1,1,2,4,2,2,1,,1,,1,,2,estufas,1,,2,agrotoxios,2,agrotóxicos,1,,1,,1,,1,2,3,1,1,2,1,2,2,1,1,1,,1,"veranicos, temporais",,2,2,3,2,1,3,2,100%,,
290,B.P,2/abr,1,4,1,53,2,3,2,40,1,"0,8",20000,"0,5",10000,"0,5",,"0,5",,,,"2,3",30000,1,30,1,20,3,40,,,2,2,2,2,2,,2,2,2,2,2,2,2,,,2,1,20000,2,2,,1,2,2,1,2,1,1,2,2,1,1,2,1,1,1,1,1,1,1,,1,,2,Irrigação,2,estufas,1,,1,,1,,1,,1,,1,,1,3,3,1,1,1,2,2,2,2,2,2,,2,,,1,2,2,1,1,6,2,100%,,
291,B.P,2/abr,1,3,1,56,2,5,2,50,2,1,20000,,,,,,,,,1,20000,,,,,,,,,2,2,2,2,2,,2,2,2,2,2,2,2,,,2,2,,,2,,1,2,1,1,2,1,1,2,2,1,1,2,2,2,2,2,2,2,1,,1,,1,,1,,1,,2,Tratamento,2,tratamento,1,,1,,1,,1,2,3,2,1,2,2,2,2,1,2,1,,3,,,2,2,1,2,1,4,1,60%,,
292,B.P,5/abr,1,2,1,47,2,4,2,36,1,1,30000,2,40000,"0,3",,"0,2",1500,,,"3,5",71500,1,30,2,30,17,20,,,1,1,1,1,2,,1,2,1,2,2,2,1,,3,,1,25000,2,1,SINDICATO,1,2,2,1,2,1,1,2,3,3,2,3,3,2,3,3,3,2,1,,1,,2,Irrigação,2,estufas,1,,2,Inseticida,2,fungicida,1,,1,,2,Estufas,1,2,3,1,1,1,2,1,2,1,2,2,,2,"enchentes, secas",,2,1,1,3,1,6,2,100%,,
293,B.P,3/abr,1,4,1,50,2,4,2,40,2,1,40000,,,,,,,,,1,40000,2,40,10,40,20,30,,,2,2,2,2,2,,2,2,2,2,2,2,2,,,2,2,,,2,,1,2,2,1,2,1,1,2,4,2,2,3,3,3,2,3,2,2,1,,1,,2,Irrigação,1,,1,,1,,1,,1,,1,,1,,1,3,2,1,1,1,1,1,2,1,1,2,,1,verões cada vez mais quentes,,2,1,1,2,1,3,2,100%,,
294,B.P,1/abr,1,4,1,52,2,3,2,30,1,,,"1,5",20000,"0,2",,"0,3",,,,2,20000,1,25,,,,,,,2,2,2,2,2,,2,2,2,2,2,2,2,,,2,2,,,2,,1,2,2,1,2,1,1,2,1,1,1,1,1,1,1,1,1,1,1,,1,,1,,1,,1,,1,,1,,1,,1,,1,,1,2,3,2,2,2,2,2,2,2,2,2,,5,,,3,3,1,3,2,6,2,100%,,
295,B.P,28/mar,1,5,1,48,2,5,2,35,1,"0,5",10000,"0,5",20000,,,,,,,1,30000,1,20,2,20,6,20,,,1,2,2,1,2,,1,2,2,2,2,2,1,,4,,2,,,1,Sicredi,1,2,1,1,1,1,1,2,2,3,2,2,3,3,3,2,2,2,1,,1,,1,,1,,1,,1,,1,,1,,1,,1,,2,1,,3,1,2,2,2,2,2,2,1,,3,,,3,3,3,3,2,6,2,100%,,
296,Feliz,20/mar,3,4,1,29,2,6,1,10,7,"0,5",20000,1,40000,,,,,,,"1,5",60000,1,10,"0,1",10,2,10,,,1,2,1,1,2,,1,2,1,2,2,2,1,,4,,2,,,1,sicredi,1,2,1,1,2,1,2,2,2,2,2,2,2,3,3,3,3,3,1,,1,,2,Irrigação,2,estufas,1,,2,Tratamento,2,tratamento,1,,1,,1,,1,3,3,1,1,1,1,1,1,1,1,1,,1,verões cada vez mais quentes,,2,1,1,3,1,6,2,100%,,
297,B.P,20/mar,1,3,1,46,2,4,2,30,2,"0,3",10000,1,20000,"0,2",,,,,,"1,5",30000,1,10,,,,,,,2,2,2,2,2,,2,2,2,2,2,2,2,,,2,2,,,2,,1,2,2,1,2,1,1,2,3,2,2,4,3,3,3,4,4,3,1,,1,,2,Irrigação,1,,1,,1,,1,,1,,1,,1,,1,2,3,2,1,1,1,1,2,1,2,2,,1,enchentes,,2,1,1,3,1,6,2,100%,,
298,B.P,30/mar,1,4,1,26,2,6,1,10,7,,,1,40000,,,,,,,1,40000,2,20,1,20,5,10,,,1,2,1,1,2,,1,2,2,2,2,2,1,,4,,2,,,1,SICREDI,1,2,1,2,2,1,1,1,3,3,3,3,3,3,3,3,3,3,1,,1,,2,Irrigação,2,estufas,1,,2,Inseticida,2,fungicida,1,,1,,1,,1,3,3,1,1,1,1,1,2,1,2,1,,1,Verões cada vez mais quentes,,2,2,1,3,1,6,2,100%,,
299,Feliz,20/mar,1,4,1,53,2,3,2,40,1,1,50000,1,60000,"0,5",,"0,5",,,,3,110000,1,20,2,30,1,30,,,2,2,2,2,2,,2,2,2,2,2,2,2,,,2,2,,,2,,1,2,1,1,2,1,2,1,3,3,3,3,3,3,3,3,3,3,1,,1,,1,,1,,1,,1,,1,,1,,1,,1,,1,3,3,2,1,1,1,2,2,1,2,1,,2,"enchentes, veranicos",,3,3,3,3,1,2,2,100%,,
300,B.P,31/dez,1,1,60,2,2,4,50,2,,,1,5,,,,,,,,1,5000,,,,,,,,,2,2,2,1,2,,2,2,2,2,2,2,2,,,2,2,,,2,,1,2,2,1,1,1,1,2,1,1,1,1,1,1,1,1,1,1,1,,1,,1,,1,,1,,1,,1,,1,,1,,1,,2,1,,6,3,2,2,2,2,2,2,2,,5,,1,3,3,3,3,2,4,2,100%,,
301,Feliz,1/abr,2,3,2,35,2,7,2,20,1,,,1,35000,,,,,,,1,35000,1,20,1,20,1,20,,,2,2,2,2,2,,1,2,2,2,2,2,1,,4,,2,,,2,,1,2,2,1,2,1,1,2,3,3,3,3,3,3,3,3,3,3,1,,1,,1,,1,,1,,1,,1,,1,,1,,1,,1,3,3,2,1,2,2,2,2,2,2,2,,1,veranicos,,2,2,1,2,1,4,2,100%,,
302,B.P,26/mar,1,3,1,50,2,4,3,40,1,"0,5",10000,1,20000,"0,5",,,,,,2,30000,1,30,1,30,1,30,,,2,2,2,2,2,,2,2,2,2,2,2,2,,,2,2,,,1,sindicato,1,2,2,1,2,1,1,1,2,2,2,2,2,2,2,2,2,2,1,,1,,1,,1,,1,,1,,1,,2,corta vento,1,,1,,1,4,3,1,1,1,2,2,2,1,2,1,,3,,,2,2,1,2,1,6,2,100%,,
